Row,Col,UDI_ID,i7_ID,i7_sequence,i5_ID,i5_sequence,Set
A,1,UDI12A_0001,i712_0001,CGGGAACCCGCA,i512A_0001,AGGGCCAAAGAC,UDI_Set_A1
B,1,UDI12A_0002,i712_0002,AAACGTTCATCC,i512A_0002,CCCAGTTACTAA,UDI_Set_A1
C,1,UDI12A_0003,i712_0003,TTGTCCGATATG,i512A_0003,TTGTAAGCTCTG,UDI_Set_A1
D,1,UDI12A_0004,i712_0004,GTTTAAAGGCAG,i512A_0004,GTTTCCCGGACG,UDI_Set_A1
E,1,UDI12A_0005,i712_0005,CCAAAGAGGGAT,i512A_0005,AACCCGCGGGCT,UDI_Set_A1
F,1,UDI12A_0006,i712_0006,TCCTCTCTTCTA,i512A_0006,TAATATATTATC,UDI_Set_A1
G,1,UDI12A_0007,i712_0007,GAAGGGTAAAGC,i512A_0007,GCCGGGTCCCGA,UDI_Set_A1
H,1,UDI12A_0008,i712_0008,AGTCTCAGCAAA,i512A_0008,CGTATACGACCC,UDI_Set_A1
A,2,UDI12A_0009,i712_0009,ATCGACTTGTGT,i512A_0009,CTAGCATTGTGT,UDI_Set_A1
B,2,UDI12A_0010,i712_0010,AACCCTGGGAAG,i512A_0010,CCAAATGGGCCG,UDI_Set_A1
C,2,UDI12A_0011,i712_0011,AGGTGGTTCTAC,i512A_0011,CGGTGGTTATCA,UDI_Set_A1
D,2,UDI12A_0012,i712_0012,TACGCCCACGTG,i512A_0012,TCAGAAACAGTG,UDI_Set_A1
E,2,UDI12A_0013,i712_0013,GATTTCCCCCGA,i512A_0013,GCTTTAAAAAGC,UDI_Set_A1
F,2,UDI12A_0014,i712_0014,CCCAATTTTGCC,i512A_0014,AAACCTTTTGAA,UDI_Set_A1
G,2,UDI12A_0015,i712_0015,TCAACAACCGGT,i512A_0015,TACCACCAAGGT,UDI_Set_A1
H,2,UDI12A_0016,i712_0016,CAGATAATACGT,i512A_0016,ACGCTCCTCAGT,UDI_Set_A1
A,3,UDI12A_0017,i712_0017,TATTGGCGGCCT,i512A_0017,TCTTGGAGGAAT,UDI_Set_A1
B,3,UDI12A_0018,i712_0018,AGAGGCCGAACA,i512A_0018,CGCGGAAGCCAC,UDI_Set_A1
C,3,UDI12A_0019,i712_0019,ATTATATCTGAA,i512A_0019,CTTCTCTATGCC,UDI_Set_A1
D,3,UDI12A_0020,i712_0020,TGCTAAATTAGT,i512A_0020,TGATCCCTTCGT,UDI_Set_A1
E,3,UDI12A_0021,i712_0021,CTATGCAAGCTG,i512A_0021,ATCTGACCGATG,UDI_Set_A1
F,3,UDI12A_0022,i712_0022,CCGGGCGTCATG,i512A_0022,AAGGGAGTACTG,UDI_Set_A1
G,3,UDI12A_0023,i712_0023,TGGAGACTGGGC,i512A_0023,TGGCGCATGGGA,UDI_Set_A1
H,3,UDI12A_0024,i712_0024,CTTACCGGGTAC,i512A_0024,ATTCAAGGGTCA,UDI_Set_A1
A,4,UDI12A_0025,i712_0025,TAAGATCGATTA,i512A_0025,TCCGCTAGCTTC,UDI_Set_A1
B,4,UDI12A_0026,i712_0026,CGAGTTTATCAG,i512A_0026,AGCGTTTCTACG,UDI_Set_A1
C,4,UDI12A_0027,i712_0027,CACTAGTTTCGT,i512A_0027,ACATCGTTTAGT,UDI_Set_A1
D,4,UDI12A_0028,i712_0028,GACCCGTCTTGA,i512A_0028,GCAAAGTATTGC,UDI_Set_A1
E,4,UDI12A_0029,i712_0029,AAATGTAGTGAG,i512A_0029,CCCTGTCGTGCG,UDI_Set_A1
F,4,UDI12A_0030,i712_0030,ACAGGACTCTGG,i512A_0030,CACGGCATATGG,UDI_Set_A1
G,4,UDI12A_0031,i712_0031,AAAATCCCAGTT,i512A_0031,CCCCTAAACGTT,UDI_Set_A1
H,4,UDI12A_0032,i712_0032,GCATCCATGCAT,i512A_0032,GACTAACTGACT,UDI_Set_A1
A,5,UDI12A_0033,i712_0033,CACCTTCGGTTG,i512A_0033,ACAATTAGGTTG,UDI_Set_A1
B,5,UDI12A_0034,i712_0034,AGCAAAGGATGT,i512A_0034,CGACCCGGCTGT,UDI_Set_A1
C,5,UDI12A_0035,i712_0035,AGGCTTAATCGG,i512A_0035,CGGATTCCTAGG,UDI_Set_A1
D,5,UDI12A_0036,i712_0036,GCGCGAAGTTGA,i512A_0036,GAGAGCCGTTGC,UDI_Set_A1
E,5,UDI12A_0037,i712_0037,TTAGGACGCAAA,i512A_0037,TTCGGCAGACCC,UDI_Set_A1
F,5,UDI12A_0038,i712_0038,ATGGGCTAGACA,i512A_0038,CTGGGATCGCAC,UDI_Set_A1
G,5,UDI12A_0039,i712_0039,TTTGTGGACACG,i512A_0039,TTTGTGGCACAG,UDI_Set_A1
H,5,UDI12A_0040,i712_0040,GAATTCGTATAC,i512A_0040,GCCTTAGTCTCA,UDI_Set_A1
A,6,UDI12A_0041,i712_0041,TCGAGTCCCGGA,i512A_0041,TAGCGTAAAGGC,UDI_Set_A1
B,6,UDI12A_0042,i712_0042,CCGTTGAAGGGG,i512A_0042,AAGTTGCCGGGG,UDI_Set_A1
C,6,UDI12A_0043,i712_0043,CAAGGTCCCCTT,i512A_0043,ACCGGTAAAATT,UDI_Set_A1
D,6,UDI12A_0044,i712_0044,TCCTAGCGATTT,i512A_0044,TAATCGAGCTTT,UDI_Set_A1
E,6,UDI12A_0045,i712_0045,CCGCCCTATTTC,i512A_0045,AAGAAATCTTTA,UDI_Set_A1
F,6,UDI12A_0046,i712_0046,CTGTAGTCGCCA,i512A_0046,ATGTCGTAGAAC,UDI_Set_A1
G,6,UDI12A_0047,i712_0047,CCTGGTACTTTC,i512A_0047,AATGGTCATTTA,UDI_Set_A1
H,6,UDI12A_0048,i712_0048,AGCTTCTTTTCC,i512A_0048,CGATTATTTTAA,UDI_Set_A1
A,7,UDI12A_0049,i712_0049,AAAACATGCGTT,i512A_0049,CCCCACTGAGTT,UDI_Set_A1
B,7,UDI12A_0050,i712_0050,TCGTCTGGCCGT,i512A_0050,TAGTATGGAAGT,UDI_Set_A1
C,7,UDI12A_0051,i712_0051,CTCTTTAAACAA,i512A_0051,ATATTTCCCACC,UDI_Set_A1
D,7,UDI12A_0052,i712_0052,TGTTTTGCTAAC,i512A_0052,TGTTTTGATCCA,UDI_Set_A1
E,7,UDI12A_0053,i712_0053,ACCCGAACGAGC,i512A_0053,CAAAGCCAGCGA,UDI_Set_A1
F,7,UDI12A_0054,i712_0054,TCCCGGCTAAAA,i512A_0054,TAAAGGATCCCC,UDI_Set_A1
G,7,UDI12A_0055,i712_0055,GAGTCGGTGGCA,i512A_0055,GCGTAGGTGGAC,UDI_Set_A1
H,7,UDI12A_0056,i712_0056,AATAGCTTTTTC,i512A_0056,CCTCGATTTTTA,UDI_Set_A1
A,8,UDI12A_0057,i712_0057,GCTAGCTCAGAT,i512A_0057,GATCGATACGCT,UDI_Set_A1
B,8,UDI12A_0058,i712_0058,TATAAGGGAATG,i512A_0058,TCTCCGGGCCTG,UDI_Set_A1
C,8,UDI12A_0059,i712_0059,AAGTTGCGGGTA,i512A_0059,CCGTTGAGGGTC,UDI_Set_A1
D,8,UDI12A_0060,i712_0060,GACATTATTCTT,i512A_0060,GCACTTCTTATT,UDI_Set_A1
E,8,UDI12A_0061,i712_0061,GAAAATTTACGC,i512A_0061,GCCCCTTTCAGA,UDI_Set_A1
F,8,UDI12A_0062,i712_0062,AAACTAACTGTC,i512A_0062,CCCATCCATGTA,UDI_Set_A1
G,8,UDI12A_0063,i712_0063,TAATTACAAAGA,i512A_0063,TCCTTCACCCGC,UDI_Set_A1
H,8,UDI12A_0064,i712_0064,GTGGCACCACTT,i512A_0064,GTGGACAACATT,UDI_Set_A1
A,9,UDI12A_0065,i712_0065,ATTCAACCTCTA,i512A_0065,CTTACCAATATC,UDI_Set_A1
B,9,UDI12A_0066,i712_0066,GTCAAATGTCCT,i512A_0066,GTACCCTGTAAT,UDI_Set_A1
C,9,UDI12A_0067,i712_0067,ATTCCTGAGTTA,i512A_0067,CTTAATGCGTTC,UDI_Set_A1
D,9,UDI12A_0068,i712_0068,ATCCGCCAGGAT,i512A_0068,CTAAGAACGGCT,UDI_Set_A1
E,9,UDI12A_0069,i712_0069,CTCTCCATCGAA,i512A_0069,ATATAACTAGCC,UDI_Set_A1
F,9,UDI12A_0070,i712_0070,CCCACCGTAAGC,i512A_0070,AAACAAGTCCGA,UDI_Set_A1
G,9,UDI12A_0071,i712_0071,TAACCAGCACTT,i512A_0071,TCCAACGACATT,UDI_Set_A1
H,9,UDI12A_0072,i712_0072,TTGCGTTCTCAA,i512A_0072,TTGAGTTATACC,UDI_Set_A1
A,10,UDI12A_0073,i712_0073,GCGCCGGGTCCC,i512A_0073,GAGAAGGGTAAA,UDI_Set_A1
B,10,UDI12A_0074,i712_0074,ACGATACGCCAA,i512A_0074,CAGCTCAGAACC,UDI_Set_A1
C,10,UDI12A_0075,i712_0075,CAAATTGGAACG,i512A_0075,ACCCTTGGCCAG,UDI_Set_A1
D,10,UDI12A_0076,i712_0076,AATGACCGTAGG,i512A_0076,CCTGCAAGTCGG,UDI_Set_A1
E,10,UDI12A_0077,i712_0077,TTGACAGCGTCG,i512A_0077,TTGCACGAGTAG,UDI_Set_A1
F,10,UDI12A_0078,i712_0078,CACCAGAGATAT,i512A_0078,ACAACGCGCTCT,UDI_Set_A1
G,10,UDI12A_0079,i712_0079,ACTAAGCGCGTG,i512A_0079,CATCCGAGAGTG,UDI_Set_A1
H,10,UDI12A_0080,i712_0080,TGTGGGGTGATT,i512A_0080,TGTGGGGTGCTT,UDI_Set_A1
A,11,UDI12A_0081,i712_0081,GCCTAATACAAC,i512A_0081,GAATCCTCACCA,UDI_Set_A1
B,11,UDI12A_0082,i712_0082,GTTTGACTTTAT,i512A_0082,GTTTGCATTTCT,UDI_Set_A1
C,11,UDI12A_0083,i712_0083,TACGGTATAGAA,i512A_0083,TCAGGTCTCGCC,UDI_Set_A1
D,11,UDI12A_0084,i712_0084,GTCAGGCTGCGT,i512A_0084,GTACGGATGAGT,UDI_Set_A1
E,11,UDI12A_0085,i712_0085,TGAGGCATTTGG,i512A_0085,TGCGGACTTTGG,UDI_Set_A1
F,11,UDI12A_0086,i712_0086,ATCGGAAAATTC,i512A_0086,CTAGGCCCCTTA,UDI_Set_A1
G,11,UDI12A_0087,i712_0087,TTATCACTCCTT,i512A_0087,TTCTACATAATT,UDI_Set_A1
H,11,UDI12A_0088,i712_0088,CCATTGTCTAAA,i512A_0088,AACTTGTATCCC,UDI_Set_A1
A,12,UDI12A_0089,i712_0089,CGGGTAGGGCGT,i512A_0089,AGGGTCGGGAGT,UDI_Set_A1
B,12,UDI12A_0090,i712_0090,GATAGAAACACC,i512A_0090,GCTCGCCCACAA,UDI_Set_A1
C,12,UDI12A_0091,i712_0091,TGCCATGTTCGG,i512A_0091,TGAACTGTTAGG,UDI_Set_A1
D,12,UDI12A_0092,i712_0092,CTTAATGATATC,i512A_0092,ATTCCTGCTCTA,UDI_Set_A1
E,12,UDI12A_0093,i712_0093,CCGACGGACCAT,i512A_0093,AAGCAGGCAACT,UDI_Set_A1
F,12,UDI12A_0094,i712_0094,TTCCAAAAAATG,i512A_0094,TTAACCCCCCTG,UDI_Set_A1
G,12,UDI12A_0095,i712_0095,GTACCGAACCCG,i512A_0095,GTCAAGCCAAAG,UDI_Set_A1
H,12,UDI12A_0096,i712_0096,GCGTGTTAACGC,i512A_0096,GAGTGTTCCAGA,UDI_Set_A1
A,1,UDI12A_0097,i712_0097,AGTATTATGCCC,i512A_0097,CGTCTTCTGAAA,UDI_Set_A2
B,1,UDI12A_0098,i712_0098,AGCACACTTACA,i512A_0098,CGACACATTCAC,UDI_Set_A2
C,1,UDI12A_0099,i712_0099,AGAATGTCGACA,i512A_0099,CGCCTGTAGCAC,UDI_Set_A2
D,1,UDI12A_0100,i712_0100,AAGTAACAGCTT,i512A_0100,CCGTCCACGATT,UDI_Set_A2
E,1,UDI12A_0101,i712_0101,TAGACTCTGACT,i512A_0101,TCGCATATGCAT,UDI_Set_A2
F,1,UDI12A_0102,i712_0102,ATAGACGATCCC,i512A_0102,CTCGCAGCTAAA,UDI_Set_A2
G,1,UDI12A_0103,i712_0103,TCATGCCGAACT,i512A_0103,TACTGAAGCCAT,UDI_Set_A2
H,1,UDI12A_0104,i712_0104,CGTCGAATATGG,i512A_0104,AGTAGCCTCTGG,UDI_Set_A2
A,2,UDI12A_0105,i712_0105,ATGACCCAGATG,i512A_0105,CTGCAAACGCTG,UDI_Set_A2
B,2,UDI12A_0106,i712_0106,ATTTGGCCGATT,i512A_0106,CTTTGGAAGCTT,UDI_Set_A2
C,2,UDI12A_0107,i712_0107,AGTGGCGCAAGC,i512A_0107,CGTGGAGACCGA,UDI_Set_A2
D,2,UDI12A_0108,i712_0108,CGCCTTTTAGGG,i512A_0108,AGAATTTTCGGG,UDI_Set_A2
E,2,UDI12A_0109,i712_0109,CTCGGTGATCGT,i512A_0109,ATAGGTGCTAGT,UDI_Set_A2
F,2,UDI12A_0110,i712_0110,CCGTGTGCTGAA,i512A_0110,AAGTGTGATGCC,UDI_Set_A2
G,2,UDI12A_0111,i712_0111,ATCCTGTGCCTA,i512A_0111,CTAATGTGAATC,UDI_Set_A2
H,2,UDI12A_0112,i712_0112,TCTAATCTGACG,i512A_0112,TATCCTATGCAG,UDI_Set_A2
A,3,UDI12A_0113,i712_0113,AGTGGATAAGTT,i512A_0113,CGTGGCTCCGTT,UDI_Set_A2
B,3,UDI12A_0114,i712_0114,TGCCCTCAAACC,i512A_0114,TGAAATACCCAA,UDI_Set_A2
C,3,UDI12A_0115,i712_0115,CTCCCCTGTGAC,i512A_0115,ATAAAATGTGCA,UDI_Set_A2
D,3,UDI12A_0116,i712_0116,GTATGCGGTAGC,i512A_0116,GTCTGAGGTCGA,UDI_Set_A2
E,3,UDI12A_0117,i712_0117,CCACTACATCTT,i512A_0117,AACATCACTATT,UDI_Set_A2
F,3,UDI12A_0118,i712_0118,CTAAACTTCTTG,i512A_0118,ATCCCATTATTG,UDI_Set_A2
G,3,UDI12A_0119,i712_0119,GCAGATATGGTA,i512A_0119,GACGCTCTGGTC,UDI_Set_A2
H,3,UDI12A_0120,i712_0120,TCTGCTTGAGGT,i512A_0120,TATGATTGCGGT,UDI_Set_A2
A,4,UDI12A_0121,i712_0121,GAAATGTGAAGG,i512A_0121,GCCCTGTGCCGG,UDI_Set_A2
B,4,UDI12A_0122,i712_0122,CAAACGCTGAGG,i512A_0122,ACCCAGATGCGG,UDI_Set_A2
C,4,UDI12A_0123,i712_0123,GCTACTTTGGGG,i512A_0123,GATCATTTGGGG,UDI_Set_A2
D,4,UDI12A_0124,i712_0124,AGAAATTGGCAT,i512A_0124,CGCCCTTGGACT,UDI_Set_A2
E,4,UDI12A_0125,i712_0125,CTGCCAACACGA,i512A_0125,ATGAACCACAGC,UDI_Set_A2
F,4,UDI12A_0126,i712_0126,CCAAATCCTTCG,i512A_0126,AACCCTAATTAG,UDI_Set_A2
G,4,UDI12A_0127,i712_0127,CGCCCAAATATC,i512A_0127,AGAAACCCTCTA,UDI_Set_A2
H,4,UDI12A_0128,i712_0128,TTTATCGTTAAT,i512A_0128,TTTCTAGTTCCT,UDI_Set_A2
A,5,UDI12A_0129,i712_0129,ACGTCAACGTCC,i512A_0129,CAGTACCAGTAA,UDI_Set_A2
B,5,UDI12A_0130,i712_0130,TCAGGTAAACTT,i512A_0130,TACGGTCCCATT,UDI_Set_A2
C,5,UDI12A_0131,i712_0131,AGAGTATTAGAG,i512A_0131,CGCGTCTTCGCG,UDI_Set_A2
D,5,UDI12A_0132,i712_0132,TACATGGCCACT,i512A_0132,TCACTGGAACAT,UDI_Set_A2
E,5,UDI12A_0133,i712_0133,GCAGGTTCTCGT,i512A_0133,GACGGTTATAGT,UDI_Set_A2
F,5,UDI12A_0134,i712_0134,CGATGATAACGG,i512A_0134,AGCTGCTCCAGG,UDI_Set_A2
G,5,UDI12A_0135,i712_0135,AGTTCTACGGAC,i512A_0135,CGTTATCAGGCA,UDI_Set_A2
H,5,UDI12A_0136,i712_0136,TCTCAGATTCAT,i512A_0136,TATACGCTTACT,UDI_Set_A2
A,6,UDI12A_0137,i712_0137,ACTGTCCCGCTA,i512A_0137,CATGTAAAGATC,UDI_Set_A2
B,6,UDI12A_0138,i712_0138,ATGACGGTGAGC,i512A_0138,CTGCAGGTGCGA,UDI_Set_A2
C,6,UDI12A_0139,i712_0139,GACCGTGCGCAA,i512A_0139,GCAAGTGAGACC,UDI_Set_A2
D,6,UDI12A_0140,i712_0140,TACTCGTGCTGT,i512A_0140,TCATAGTGATGT,UDI_Set_A2
E,6,UDI12A_0141,i712_0141,GTTCATAATCAC,i512A_0141,GTTACTCCTACA,UDI_Set_A2
F,6,UDI12A_0142,i712_0142,AGAGAAGCGTTA,i512A_0142,CGCGCCGAGTTC,UDI_Set_A2
G,6,UDI12A_0143,i712_0143,AGGACATCGGAC,i512A_0143,CGGCACTAGGCA,UDI_Set_A2
H,6,UDI12A_0144,i712_0144,TGCGTTAACTCT,i512A_0144,TGAGTTCCATAT,UDI_Set_A2
A,7,UDI12A_0145,i712_0145,AACTTGTAAATA,i512A_0145,CCATTGTCCCTC,UDI_Set_A2
B,7,UDI12A_0146,i712_0146,TATCCTACTCAT,i512A_0146,TCTAATCATACT,UDI_Set_A2
C,7,UDI12A_0147,i712_0147,CCACGAGCACTG,i512A_0147,AACAGCGACATG,UDI_Set_A2
D,7,UDI12A_0148,i712_0148,GCGTTCGATGAA,i512A_0148,GAGTTAGCTGCC,UDI_Set_A2
E,7,UDI12A_0149,i712_0149,TTAGCTATCTTG,i512A_0149,TTCGATCTATTG,UDI_Set_A2
F,7,UDI12A_0150,i712_0150,AGGTCCTGGGGA,i512A_0150,CGGTAATGGGGC,UDI_Set_A2
G,7,UDI12A_0151,i712_0151,ACTTCGTCCAGT,i512A_0151,CATTAGTAACGT,UDI_Set_A2
H,7,UDI12A_0152,i712_0152,TAGTGCTTCTAA,i512A_0152,TCGTGATTATCC,UDI_Set_A2
A,8,UDI12A_0153,i712_0153,GCCGGAGGTCTG,i512A_0153,GAAGGCGGTATG,UDI_Set_A2
B,8,UDI12A_0154,i712_0154,GTTCGATCAGTA,i512A_0154,GTTAGCTACGTC,UDI_Set_A2
C,8,UDI12A_0155,i712_0155,CCAGAAGTTATT,i512A_0155,AACGCCGTTCTT,UDI_Set_A2
D,8,UDI12A_0156,i712_0156,CATAGGGAGGGG,i512A_0156,ACTCGGGCGGGG,UDI_Set_A2
E,8,UDI12A_0157,i712_0157,CAGGCGCGAAGA,i512A_0157,ACGGAGAGCCGC,UDI_Set_A2
F,8,UDI12A_0158,i712_0158,CCCGATAGTACA,i512A_0158,AAAGCTCGTCAC,UDI_Set_A2
G,8,UDI12A_0159,i712_0159,AGCCCGCGTCGT,i512A_0159,CGAAAGAGTAGT,UDI_Set_A2
H,8,UDI12A_0160,i712_0160,TGGCCATACGTA,i512A_0160,TGGAACTCAGTC,UDI_Set_A2
A,9,UDI12A_0161,i712_0161,AAGCGGCAGAGG,i512A_0161,CCGAGGACGCGG,UDI_Set_A2
B,9,UDI12A_0162,i712_0162,TACGCAGTACAA,i512A_0162,TCAGACGTCACC,UDI_Set_A2
C,9,UDI12A_0163,i712_0163,TCTGTAATTGCA,i512A_0163,TATGTCCTTGAC,UDI_Set_A2
D,9,UDI12A_0164,i712_0164,TACCATTCGCAG,i512A_0164,TCAACTTAGACG,UDI_Set_A2
E,9,UDI12A_0165,i712_0165,CGCAAGCCCTCG,i512A_0165,AGACCGAAATAG,UDI_Set_A2
F,9,UDI12A_0166,i712_0166,CACGCGATGGGC,i512A_0166,ACAGAGCTGGGA,UDI_Set_A2
G,9,UDI12A_0167,i712_0167,CACACAAGGGAG,i512A_0167,ACACACCGGGCG,UDI_Set_A2
H,9,UDI12A_0168,i712_0168,TTAGTGTTAAAA,i512A_0168,TTCGTGTTCCCC,UDI_Set_A2
A,10,UDI12A_0169,i712_0169,TAGGGGACATCA,i512A_0169,TCGGGGCACTAC,UDI_Set_A2
B,10,UDI12A_0170,i712_0170,GAAAGATCGCCG,i512A_0170,GCCCGCTAGAAG,UDI_Set_A2
C,10,UDI12A_0171,i712_0171,GAACGAGAATGT,i512A_0171,GCCAGCGCCTGT,UDI_Set_A2
D,10,UDI12A_0172,i712_0172,GCCTCCTCCGTG,i512A_0172,GAATAATAAGTG,UDI_Set_A2
E,10,UDI12A_0173,i712_0173,CTGATGTGAGAG,i512A_0173,ATGCTGTGCGCG,UDI_Set_A2
F,10,UDI12A_0174,i712_0174,ATTGATCAAGCT,i512A_0174,CTTGCTACCGAT,UDI_Set_A2
G,10,UDI12A_0175,i712_0175,AGACGGGCACAA,i512A_0175,CGCAGGGACACC,UDI_Set_A2
H,10,UDI12A_0176,i712_0176,CCCTGCTTACGA,i512A_0176,AAATGATTCAGC,UDI_Set_A2
A,11,UDI12A_0177,i712_0177,TTAATGCGTGAT,i512A_0177,TTCCTGAGTGCT,UDI_Set_A2
B,11,UDI12A_0178,i712_0178,GTGCTAATGGGA,i512A_0178,GTGATCCTGGGC,UDI_Set_A2
C,11,UDI12A_0179,i712_0179,CTTAACACATAA,i512A_0179,ATTCCACACTCC,UDI_Set_A2
D,11,UDI12A_0180,i712_0180,AAAAACGGCAGG,i512A_0180,CCCCCAGGACGG,UDI_Set_A2
E,11,UDI12A_0181,i712_0181,TGTTTGAGTCGG,i512A_0181,TGTTTGCGTAGG,UDI_Set_A2
F,11,UDI12A_0182,i712_0182,TGCCCGACAGGT,i512A_0182,TGAAAGCACGGT,UDI_Set_A2
G,11,UDI12A_0183,i712_0183,AACGAATCTGTA,i512A_0183,CCAGCCTATGTC,UDI_Set_A2
H,11,UDI12A_0184,i712_0184,GTCATCCGTTTT,i512A_0184,GTACTAAGTTTT,UDI_Set_A2
A,12,UDI12A_0185,i712_0185,ATAACTCTCCTC,i512A_0185,CTCCATATAATA,UDI_Set_A2
B,12,UDI12A_0186,i712_0186,TAGAATACGGTT,i512A_0186,TCGCCTCAGGTT,UDI_Set_A2
C,12,UDI12A_0187,i712_0187,ACGTTTTGATTC,i512A_0187,CAGTTTTGCTTA,UDI_Set_A2
D,12,UDI12A_0188,i712_0188,CGACCTGAACGG,i512A_0188,AGCAATGCCAGG,UDI_Set_A2
E,12,UDI12A_0189,i712_0189,AGTGTGACCGGT,i512A_0189,CGTGTGCAAGGT,UDI_Set_A2
F,12,UDI12A_0190,i712_0190,TTATAAGCCGTC,i512A_0190,TTCTCCGAAGTA,UDI_Set_A2
G,12,UDI12A_0191,i712_0191,TATTGAACTCCA,i512A_0191,TCTTGCCATAAC,UDI_Set_A2
H,12,UDI12A_0192,i712_0192,CAGTTCCTAACC,i512A_0192,ACGTTAATCCAA,UDI_Set_A2
A,1,UDI12A_0193,i712_0193,ACATTCAAGTGC,i512A_0193,CACTTACCGTGA,UDI_Set_A3
B,1,UDI12A_0194,i712_0194,GCGACGCTCGTA,i512A_0194,GAGCAGATAGTC,UDI_Set_A3
C,1,UDI12A_0195,i712_0195,CGTGATTTAAAG,i512A_0195,AGTGCTTTCCCG,UDI_Set_A3
D,1,UDI12A_0196,i712_0196,ACCTACAGACCT,i512A_0196,CAATCACGCAAT,UDI_Set_A3
E,1,UDI12A_0197,i712_0197,GTTTATTCAGTG,i512A_0197,GTTTCTTACGTG,UDI_Set_A3
F,1,UDI12A_0198,i712_0198,GCTCACCCTCTT,i512A_0198,GATACAAATATT,UDI_Set_A3
G,1,UDI12A_0199,i712_0199,ACCTGATGTATT,i512A_0199,CAATGCTGTCTT,UDI_Set_A3
H,1,UDI12A_0200,i712_0200,AGTTATGTGCAG,i512A_0200,CGTTCTGTGACG,UDI_Set_A3
A,2,UDI12A_0201,i712_0201,TCGGCTCACAAG,i512A_0201,TAGGATACACCG,UDI_Set_A3
B,2,UDI12A_0202,i712_0202,GCTGCATACAAG,i512A_0202,GATGACTCACCG,UDI_Set_A3
C,2,UDI12A_0203,i712_0203,GCCCCACATGAT,i512A_0203,GAAAACACTGCT,UDI_Set_A3
D,2,UDI12A_0204,i712_0204,AAAGCCTATCAC,i512A_0204,CCCGAATCTACA,UDI_Set_A3
E,2,UDI12A_0205,i712_0205,CTATGTTTTTGC,i512A_0205,ATCTGTTTTTGA,UDI_Set_A3
F,2,UDI12A_0206,i712_0206,CACGGGTCAGAA,i512A_0206,ACAGGGTACGCC,UDI_Set_A3
G,2,UDI12A_0207,i712_0207,GCGTAGGCAAGA,i512A_0207,GAGTCGGACCGC,UDI_Set_A3
H,2,UDI12A_0208,i712_0208,TGTCGCAACGGC,i512A_0208,TGTAGACCAGGA,UDI_Set_A3
A,3,UDI12A_0209,i712_0209,ATCTCATTATGG,i512A_0209,CTATACTTCTGG,UDI_Set_A3
B,3,UDI12A_0210,i712_0210,GAGATCAGTCAG,i512A_0210,GCGCTACGTACG,UDI_Set_A3
C,3,UDI12A_0211,i712_0211,TTCGAACCGAGA,i512A_0211,TTAGCCAAGCGC,UDI_Set_A3
D,3,UDI12A_0212,i712_0212,CTCACTCCGCCC,i512A_0212,ATACATAAGAAA,UDI_Set_A3
E,3,UDI12A_0213,i712_0213,TTTGCAAAGCCG,i512A_0213,TTTGACCCGAAG,UDI_Set_A3
F,3,UDI12A_0214,i712_0214,CTTGTAACGAGT,i512A_0214,ATTGTCCAGCGT,UDI_Set_A3
G,3,UDI12A_0215,i712_0215,GAGTGTCTGAGG,i512A_0215,GCGTGTATGCGG,UDI_Set_A3
H,3,UDI12A_0216,i712_0216,ACGGCGCCAGGG,i512A_0216,CAGGAGAACGGG,UDI_Set_A3
A,4,UDI12A_0217,i712_0217,GTAAGCACGTAT,i512A_0217,GTCCGACAGTCT,UDI_Set_A3
B,4,UDI12A_0218,i712_0218,AAGTCTTTGTCG,i512A_0218,CCGTATTTGTAG,UDI_Set_A3
C,4,UDI12A_0219,i712_0219,GACTTCAATCGA,i512A_0219,GCATTACCTAGC,UDI_Set_A3
D,4,UDI12A_0220,i712_0220,TCTAGACAAAGT,i512A_0220,TATCGCACCCGT,UDI_Set_A3
E,4,UDI12A_0221,i712_0221,GATGCGCTCCTT,i512A_0221,GCTGAGATAATT,UDI_Set_A3
F,4,UDI12A_0222,i712_0222,GTACTCCCAATG,i512A_0222,GTCATAAACCTG,UDI_Set_A3
G,4,UDI12A_0223,i712_0223,TAGCGAATATCT,i512A_0223,TCGAGCCTCTAT,UDI_Set_A3
H,4,UDI12A_0224,i712_0224,GCATTGCGAATT,i512A_0224,GACTTGAGCCTT,UDI_Set_A3
A,5,UDI12A_0225,i712_0225,ATGGCTGGCTCA,i512A_0225,CTGGATGGATAC,UDI_Set_A3
B,5,UDI12A_0226,i712_0226,TATCAATACCCG,i512A_0226,TCTACCTCAAAG,UDI_Set_A3
C,5,UDI12A_0227,i712_0227,TCATAAAGGCCA,i512A_0227,TACTCCCGGAAC,UDI_Set_A3
D,5,UDI12A_0228,i712_0228,TGTGCCCTATAA,i512A_0228,TGTGAAATCTCC,UDI_Set_A3
E,5,UDI12A_0229,i712_0229,AGGCAAGAACGT,i512A_0229,CGGACCGCCAGT,UDI_Set_A3
F,5,UDI12A_0230,i712_0230,GTGCGGCCGAGT,i512A_0230,GTGAGGAAGCGT,UDI_Set_A3
G,5,UDI12A_0231,i712_0231,GCGGAGCACCCA,i512A_0231,GAGGCGACAAAC,UDI_Set_A3
H,5,UDI12A_0232,i712_0232,CGCTCGGTGGGA,i512A_0232,AGATAGGTGGGC,UDI_Set_A3
A,6,UDI12A_0233,i712_0233,ACCCTAGATCGC,i512A_0233,CAAATCGCTAGA,UDI_Set_A3
B,6,UDI12A_0234,i712_0234,CAGAACGAATCC,i512A_0234,ACGCCAGCCTAA,UDI_Set_A3
C,6,UDI12A_0235,i712_0235,CCGCAATGAACT,i512A_0235,AAGACCTGCCAT,UDI_Set_A3
D,6,UDI12A_0236,i712_0236,TGAGAGGGGTTC,i512A_0236,TGCGCGGGGTTA,UDI_Set_A3
E,6,UDI12A_0237,i712_0237,CATACTTATTTG,i512A_0237,ACTCATTCTTTG,UDI_Set_A3
F,6,UDI12A_0238,i712_0238,CATCGACGTACG,i512A_0238,ACTAGCAGTCAG,UDI_Set_A3
G,6,UDI12A_0239,i712_0239,GCCATCTATAGA,i512A_0239,GAACTATCTCGC,UDI_Set_A3
H,6,UDI12A_0240,i712_0240,GCCTCTGAACTA,i512A_0240,GAATATGCCATC,UDI_Set_A3
A,7,UDI12A_0241,i712_0241,CCCAGGCAGCTT,i512A_0241,AAACGGACGATT,UDI_Set_A3
B,7,UDI12A_0242,i712_0242,TAGCCCGGGGCA,i512A_0242,TCGAAAGGGGAC,UDI_Set_A3
C,7,UDI12A_0243,i712_0243,CACGTACCAGTC,i512A_0243,ACAGTCAACGTA,UDI_Set_A3
D,7,UDI12A_0244,i712_0244,AATCCGGCGCAC,i512A_0244,CCTAAGGAGACA,UDI_Set_A3
E,7,UDI12A_0245,i712_0245,CCTCTCGACATT,i512A_0245,AATATAGCACTT,UDI_Set_A3
F,7,UDI12A_0246,i712_0246,ACTGCGATCGTC,i512A_0246,CATGAGCTAGTA,UDI_Set_A3
G,7,UDI12A_0247,i712_0247,GTCCAACTCAAA,i512A_0247,GTAACCATACCC,UDI_Set_A3
H,7,UDI12A_0248,i712_0248,TTTCTTCCTCGC,i512A_0248,TTTATTAATAGA,UDI_Set_A3
A,8,UDI12A_0249,i712_0249,TAGCCGTTGTAC,i512A_0249,TCGAAGTTGTCA,UDI_Set_A3
B,8,UDI12A_0250,i712_0250,GACGATCCTCAC,i512A_0250,GCAGCTAATACA,UDI_Set_A3
C,8,UDI12A_0251,i712_0251,GTGCTTGCAAAC,i512A_0251,GTGATTGACCCA,UDI_Set_A3
D,8,UDI12A_0252,i712_0252,CAGTGAGGTACT,i512A_0252,ACGTGCGGTCAT,UDI_Set_A3
E,8,UDI12A_0253,i712_0253,TAGTTTAGGGTG,i512A_0253,TCGTTTCGGGTG,UDI_Set_A3
F,8,UDI12A_0254,i712_0254,TTTTCGGGATGG,i512A_0254,TTTTAGGGCTGG,UDI_Set_A3
G,8,UDI12A_0255,i712_0255,GATTACATGAGA,i512A_0255,GCTTCACTGCGC,UDI_Set_A3
H,8,UDI12A_0256,i712_0256,TTCAACGGTAAG,i512A_0256,TTACCAGGTCCG,UDI_Set_A3
A,9,UDI12A_0257,i712_0257,AAGGTAGATGCG,i512A_0257,CCGGTCGCTGAG,UDI_Set_A3
B,9,UDI12A_0258,i712_0258,TTCACGAATGCT,i512A_0258,TTACAGCCTGAT,UDI_Set_A3
C,9,UDI12A_0259,i712_0259,ATTCCCTTGGTA,i512A_0259,CTTAAATTGGTC,UDI_Set_A3
D,9,UDI12A_0260,i712_0260,AGCTCCGATGCC,i512A_0260,CGATAAGCTGAA,UDI_Set_A3
E,9,UDI12A_0261,i712_0261,CGCAACTAGAAG,i512A_0261,AGACCATCGCCG,UDI_Set_A3
F,9,UDI12A_0262,i712_0262,TATGGTTACCAG,i512A_0262,TCTGGTTCAACG,UDI_Set_A3
G,9,UDI12A_0263,i712_0263,GCTACGAGAGAG,i512A_0263,GATCAGCGCGCG,UDI_Set_A3
H,9,UDI12A_0264,i712_0264,TGGCGGCGGCGA,i512A_0264,TGGAGGAGGAGC,UDI_Set_A3
A,10,UDI12A_0265,i712_0265,AGATGGCAACCC,i512A_0265,CGCTGGACCAAA,UDI_Set_A3
B,10,UDI12A_0266,i712_0266,AGTAACCACAGC,i512A_0266,CGTCCAACACGA,UDI_Set_A3
C,10,UDI12A_0267,i712_0267,CCTTTTGTACCC,i512A_0267,AATTTTGTCAAA,UDI_Set_A3
D,10,UDI12A_0268,i712_0268,ATAAGAAGTGCC,i512A_0268,CTCCGCCGTGAA,UDI_Set_A3
E,10,UDI12A_0269,i712_0269,AATCGGAGTAGA,i512A_0269,CCTAGGCGTCGC,UDI_Set_A3
F,10,UDI12A_0270,i712_0270,GCAGTAAGCTGT,i512A_0270,GACGTCCGATGT,UDI_Set_A3
G,10,UDI12A_0271,i712_0271,CGCGGCACGATA,i512A_0271,AGAGGACAGCTC,UDI_Set_A3
H,10,UDI12A_0272,i712_0272,CTGCAGCTACTT,i512A_0272,ATGACGATCATT,UDI_Set_A3
A,11,UDI12A_0273,i712_0273,ACAGGGGGTGTC,i512A_0273,CACGGGGGTGTA,UDI_Set_A3
B,11,UDI12A_0274,i712_0274,GATCCAAGAGGG,i512A_0274,GCTAACCGCGGG,UDI_Set_A3
C,11,UDI12A_0275,i712_0275,GACAGTCGAGAG,i512A_0275,GCACGTAGCGCG,UDI_Set_A3
D,11,UDI12A_0276,i712_0276,GTTGGAGAAATA,i512A_0276,GTTGGCGCCCTC,UDI_Set_A3
E,11,UDI12A_0277,i712_0277,TCACTCTAGGAT,i512A_0277,TACATATCGGCT,UDI_Set_A3
F,11,UDI12A_0278,i712_0278,TTAATAAACGTA,i512A_0278,TTCCTCCCAGTC,UDI_Set_A3
G,11,UDI12A_0279,i712_0279,TTGATATTCGCA,i512A_0279,TTGCTCTTAGAC,UDI_Set_A3
H,11,UDI12A_0280,i712_0280,CGTTGGCTCGCG,i512A_0280,AGTTGGATAGAG,UDI_Set_A3
A,12,UDI12A_0281,i712_0281,CGTCTGTCTTCA,i512A_0281,AGTATGTATTAC,UDI_Set_A3
B,12,UDI12A_0282,i712_0282,AACAGTGTCACC,i512A_0282,CCACGTGTACAA,UDI_Set_A3
C,12,UDI12A_0283,i712_0283,GCGATTAAATCA,i512A_0283,GAGCTTCCCTAC,UDI_Set_A3
D,12,UDI12A_0284,i712_0284,CGGAGCCGACCG,i512A_0284,AGGCGAAGCAAG,UDI_Set_A3
E,12,UDI12A_0285,i712_0285,GTATAGTTGCGA,i512A_0285,GTCTCGTTGAGC,UDI_Set_A3
F,12,UDI12A_0286,i712_0286,CGAGCATCGGGT,i512A_0286,AGCGACTAGGGT,UDI_Set_A3
G,12,UDI12A_0287,i712_0287,TGACTACCGTAA,i512A_0287,TGCATCAAGTCC,UDI_Set_A3
H,12,UDI12A_0288,i712_0288,CTTTCATGTCTC,i512A_0288,ATTTACTGTATA,UDI_Set_A3
A,1,UDI12A_0289,i712_0289,GCACCTAGCGGC,i512A_0289,GACAATCGAGGA,UDI_Set_A4
B,1,UDI12A_0290,i712_0290,CTCCGTCTAGAG,i512A_0290,ATAAGTATCGCG,UDI_Set_A4
C,1,UDI12A_0291,i712_0291,GTCGCTAGCCAG,i512A_0291,GTAGATCGAACG,UDI_Set_A4
D,1,UDI12A_0292,i712_0292,TTCGGTTGTATA,i512A_0292,TTAGGTTGTCTC,UDI_Set_A4
E,1,UDI12A_0293,i712_0293,GCGGTATCATCA,i512A_0293,GAGGTCTACTAC,UDI_Set_A4
F,1,UDI12A_0294,i712_0294,TAAAGCGTACGC,i512A_0294,TCCCGAGTCAGA,UDI_Set_A4
G,1,UDI12A_0295,i712_0295,TTCTTACGCAAG,i512A_0295,TTATTCAGACCG,UDI_Set_A4
H,1,UDI12A_0296,i712_0296,ACGCGCGGACTA,i512A_0296,CAGAGAGGCATC,UDI_Set_A4
A,2,UDI12A_0297,i712_0297,AGCTATAAGATC,i512A_0297,CGATCTCCGCTA,UDI_Set_A4
B,2,UDI12A_0298,i712_0298,GTAATGGCAACA,i512A_0298,GTCCTGGACCAC,UDI_Set_A4
C,2,UDI12A_0299,i712_0299,TCCATTTGATGC,i512A_0299,TAACTTTGCTGA,UDI_Set_A4
D,2,UDI12A_0300,i712_0300,CAGGGATTTCCA,i512A_0300,ACGGGCTTTAAC,UDI_Set_A4
E,2,UDI12A_0301,i712_0301,CAATCAATGGAC,i512A_0301,ACCTACCTGGCA,UDI_Set_A4
F,2,UDI12A_0302,i712_0302,CGATTCTGATTG,i512A_0302,AGCTTATGCTTG,UDI_Set_A4
G,2,UDI12A_0303,i712_0303,TGGGTCTTCGCC,i512A_0303,TGGGTATTAGAA,UDI_Set_A4
H,2,UDI12A_0304,i712_0304,GTCGTCGAACGC,i512A_0304,GTAGTAGCCAGA,UDI_Set_A4
A,3,UDI12A_0305,i712_0305,GAAGTGCCCCCA,i512A_0305,GCCGTGAAAAAC,UDI_Set_A4
B,3,UDI12A_0306,i712_0306,GCCGGGAATAAG,i512A_0306,GAAGGGCCTCCG,UDI_Set_A4
C,3,UDI12A_0307,i712_0307,ACTTTGGAATAG,i512A_0307,CATTTGGCCTCG,UDI_Set_A4
D,3,UDI12A_0308,i712_0308,TTCTGGTCCCAG,i512A_0308,TTATGGTAAACG,UDI_Set_A4
E,3,UDI12A_0309,i712_0309,AACTTAATTTCT,i512A_0309,CCATTCCTTTAT,UDI_Set_A4
F,3,UDI12A_0310,i712_0310,TCGAAGTGCTGT,i512A_0310,TAGCCGTGATGT,UDI_Set_A4
G,3,UDI12A_0311,i712_0311,TCGCAACACGCT,i512A_0311,TAGACCACAGAT,UDI_Set_A4
H,3,UDI12A_0312,i712_0312,GTATCTTGTCAC,i512A_0312,GTCTATTGTACA,UDI_Set_A4
A,4,UDI12A_0313,i712_0313,CATGAAGAGGCG,i512A_0313,ACTGCCGCGGAG,UDI_Set_A4
B,4,UDI12A_0314,i712_0314,TACGAGCTGGTT,i512A_0314,TCAGCGATGGTT,UDI_Set_A4
C,4,UDI12A_0315,i712_0315,CCCTTACTGTGA,i512A_0315,AAATTCATGTGC,UDI_Set_A4
D,4,UDI12A_0316,i712_0316,TCCGGTGCATTT,i512A_0316,TAAGGTGACTTT,UDI_Set_A4
E,4,UDI12A_0317,i712_0317,GCCAAGGTGCTA,i512A_0317,GAACCGGTGATC,UDI_Set_A4
F,4,UDI12A_0318,i712_0318,CTTCCGCAAACT,i512A_0318,ATTAAGACCCAT,UDI_Set_A4
G,4,UDI12A_0319,i712_0319,CGGAAGGGAACC,i512A_0319,AGGCCGGGCCAA,UDI_Set_A4
H,4,UDI12A_0320,i712_0320,CGCCGCGTTAAG,i512A_0320,AGAAGAGTTCCG,UDI_Set_A4
A,5,UDI12A_0321,i712_0321,CCTTCTAGTTAT,i512A_0321,AATTATCGTTCT,UDI_Set_A4
B,5,UDI12A_0322,i712_0322,TTGTGAAACATT,i512A_0322,TTGTGCCCACTT,UDI_Set_A4
C,5,UDI12A_0323,i712_0323,CCAGTCCTGACT,i512A_0323,AACGTAATGCAT,UDI_Set_A4
D,5,UDI12A_0324,i712_0324,TCCTTAACCCGT,i512A_0324,TAATTCCAAAGT,UDI_Set_A4
E,5,UDI12A_0325,i712_0325,TGAAACGCGCAA,i512A_0325,TGCCCAGAGACC,UDI_Set_A4
F,5,UDI12A_0326,i712_0326,CGTCCTTGATCC,i512A_0326,AGTAATTGCTAA,UDI_Set_A4
G,5,UDI12A_0327,i712_0327,ACTGGCAGCGGG,i512A_0327,CATGGACGAGGG,UDI_Set_A4
H,5,UDI12A_0328,i712_0328,CGTTCACAGCCG,i512A_0328,AGTTACACGAAG,UDI_Set_A4
A,6,UDI12A_0329,i712_0329,TGAATCCTCGAG,i512A_0329,TGCCTAATAGCG,UDI_Set_A4
B,6,UDI12A_0330,i712_0330,TGCGTCGCCTTA,i512A_0330,TGAGTAGAATTC,UDI_Set_A4
C,6,UDI12A_0331,i712_0331,TCTGACCAGAAA,i512A_0331,TATGCAACGCCC,UDI_Set_A4
D,6,UDI12A_0332,i712_0332,TATTCCGTCCAA,i512A_0332,TCTTAAGTAACC,UDI_Set_A4
E,6,UDI12A_0333,i712_0333,AGATTTCGCTAC,i512A_0333,CGCTTTAGATCA,UDI_Set_A4
F,6,UDI12A_0334,i712_0334,CAATGCTCAATT,i512A_0334,ACCTGATACCTT,UDI_Set_A4
G,6,UDI12A_0335,i712_0335,TCTTTGCCCCAT,i512A_0335,TATTTGAAAACT,UDI_Set_A4
H,6,UDI12A_0336,i712_0336,CTATATACGCGG,i512A_0336,ATCTCTCAGAGG,UDI_Set_A4
A,7,UDI12A_0337,i712_0337,CCTTAGCAAATC,i512A_0337,AATTCGACCCTA,UDI_Set_A4
B,7,UDI12A_0338,i712_0338,TCGTACTAATCG,i512A_0338,TAGTCATCCTAG,UDI_Set_A4
C,7,UDI12A_0339,i712_0339,GAGCCCCTGCTC,i512A_0339,GCGAAAATGATA,UDI_Set_A4
D,7,UDI12A_0340,i712_0340,GTTGCTGTCCAC,i512A_0340,GTTGATGTAACA,UDI_Set_A4
E,7,UDI12A_0341,i712_0341,CGTGGGAATGTC,i512A_0341,AGTGGGCCTGTA,UDI_Set_A4
F,7,UDI12A_0342,i712_0342,ATCATGGATAGG,i512A_0342,CTACTGGCTCGG,UDI_Set_A4
G,7,UDI12A_0343,i712_0343,GACTTAGCCCCT,i512A_0343,GCATTCGAAAAT,UDI_Set_A4
H,7,UDI12A_0344,i712_0344,TCGTGTATGACT,i512A_0344,TAGTGTCTGCAT,UDI_Set_A4
A,8,UDI12A_0345,i712_0345,AATGTCATGCAT,i512A_0345,CCTGTACTGACT,UDI_Set_A4
B,8,UDI12A_0346,i712_0346,CCCCGTTCTTAT,i512A_0346,AAAAGTTATTCT,UDI_Set_A4
C,8,UDI12A_0347,i712_0347,TGGGATATTTAC,i512A_0347,TGGGCTCTTTCA,UDI_Set_A4
D,8,UDI12A_0348,i712_0348,TCCCTGTCATCG,i512A_0348,TAAATGTACTAG,UDI_Set_A4
E,8,UDI12A_0349,i712_0349,TTAAAGTAGAGT,i512A_0349,TTCCCGTCGCGT,UDI_Set_A4
F,8,UDI12A_0350,i712_0350,GCACTTGTATCC,i512A_0350,GACATTGTCTAA,UDI_Set_A4
G,8,UDI12A_0351,i712_0351,CTAGTTGCGCAT,i512A_0351,ATCGTTGAGACT,UDI_Set_A4
H,8,UDI12A_0352,i712_0352,GTTCTTTGCTGA,i512A_0352,GTTATTTGATGC,UDI_Set_A4
A,9,UDI12A_0353,i712_0353,TATATTTCTTAT,i512A_0353,TCTCTTTATTCT,UDI_Set_A4
B,9,UDI12A_0354,i712_0354,CTGAAACAGGGG,i512A_0354,ATGCCCACGGGG,UDI_Set_A4
C,9,UDI12A_0355,i712_0355,GAGGGTTGCTAA,i512A_0355,GCGGGTTGATCC,UDI_Set_A4
D,9,UDI12A_0356,i712_0356,CTAGGGTGCCAG,i512A_0356,ATCGGGTGAACG,UDI_Set_A4
E,9,UDI12A_0357,i712_0357,CGGTCATTCGCG,i512A_0357,AGGTACTTAGAG,UDI_Set_A4
F,9,UDI12A_0358,i712_0358,GATGTATTGGTT,i512A_0358,GCTGTCTTGGTT,UDI_Set_A4
G,9,UDI12A_0359,i712_0359,CCTAGAGTAGGT,i512A_0359,AATCGCGTCGGT,UDI_Set_A4
H,9,UDI12A_0360,i712_0360,CAAGAAACCACG,i512A_0360,ACCGCCCAACAG,UDI_Set_A4
A,10,UDI12A_0361,i712_0361,TGTGGAAGGAAT,i512A_0361,TGTGGCCGGCCT,UDI_Set_A4
B,10,UDI12A_0362,i712_0362,TGCGTATGGTTG,i512A_0362,TGAGTCTGGTTG,UDI_Set_A4
C,10,UDI12A_0363,i712_0363,ACGGGTGATCAC,i512A_0363,CAGGGTGCTACA,UDI_Set_A4
D,10,UDI12A_0364,i712_0364,ACCGTTGGTGAC,i512A_0364,CAAGTTGGTGCA,UDI_Set_A4
E,10,UDI12A_0365,i712_0365,ATCAGCTGATAA,i512A_0365,CTACGATGCTCC,UDI_Set_A4
F,10,UDI12A_0366,i712_0366,GCTATCGGCTGG,i512A_0366,GATCTAGGATGG,UDI_Set_A4
G,10,UDI12A_0367,i712_0367,AGACAGCTAAAG,i512A_0367,CGCACGATCCCG,UDI_Set_A4
H,10,UDI12A_0368,i712_0368,GAGGTCCACATA,i512A_0368,GCGGTAACACTC,UDI_Set_A4
A,11,UDI12A_0369,i712_0369,GTCCTGCACTGG,i512A_0369,GTAATGACATGG,UDI_Set_A4
B,11,UDI12A_0370,i712_0370,CTTGAGCCTTAA,i512A_0370,ATTGCGAATTCC,UDI_Set_A4
C,11,UDI12A_0371,i712_0371,ACACACACTAGC,i512A_0371,CACACACATCGA,UDI_Set_A4
D,11,UDI12A_0372,i712_0372,AGGGACTCCCTT,i512A_0372,CGGGCATAAATT,UDI_Set_A4
E,11,UDI12A_0373,i712_0373,AAGGACAATATT,i512A_0373,CCGGCACCTCTT,UDI_Set_A4
F,11,UDI12A_0374,i712_0374,ATACATATATAT,i512A_0374,CTCACTCTCTCT,UDI_Set_A4
G,11,UDI12A_0375,i712_0375,CCTATGCTTCCT,i512A_0375,AATCTGATTAAT,UDI_Set_A4
H,11,UDI12A_0376,i712_0376,CGGCTGGACTGC,i512A_0376,AGGATGGCATGA,UDI_Set_A4
A,12,UDI12A_0377,i712_0377,ACCCTCATAAGG,i512A_0377,CAAATACTCCGG,UDI_Set_A4
B,12,UDI12A_0378,i712_0378,TAGTAGCCGCAC,i512A_0378,TCGTCGAAGACA,UDI_Set_A4
C,12,UDI12A_0379,i712_0379,GATCATCTGGAA,i512A_0379,GCTACTATGGCC,UDI_Set_A4
D,12,UDI12A_0380,i712_0380,GAGTTATAAATT,i512A_0380,GCGTTCTCCCTT,UDI_Set_A4
E,12,UDI12A_0381,i712_0381,GTGTCCTTACAT,i512A_0381,GTGTAATTCACT,UDI_Set_A4
F,12,UDI12A_0382,i712_0382,CGAATGCAGAAA,i512A_0382,AGCCTGACGCCC,UDI_Set_A4
G,12,UDI12A_0383,i712_0383,CGAGAGATTGAT,i512A_0383,AGCGCGCTTGCT,UDI_Set_A4
H,12,UDI12A_0384,i712_0384,ACCGGCTCGACC,i512A_0384,CAAGGATAGCAA,UDI_Set_A4