,Sample_ID,Library_Kit_Type,i7_index_sequence,i5_index_sequence,UDI_ID,Set,Plate_ID,Plate_number,Plate_well,Lane
1,242_765,QuantSeq 3’mRNA-Seq Library Prep Kit FWD with UDI 12 nt,CGGGAACCCGCA,AGGGCCAAAGAC,UDI12A_0001,UDI_Set_A1,Lane1_Set_A1,plate_1,A1,lane_1
2,327_LC042,QuantSeq 3’mRNA-Seq Library Prep Kit FWD with UDI 12 nt,AAACGTTCATCC,CCCAGTTACTAA,UDI12A_0002,UDI_Set_A1,Lane1_Set_A1,plate_1,B1,lane_1
3,317_LC110,QuantSeq 3’mRNA-Seq Library Prep Kit FWD with UDI 12 nt,TTGTCCGATATG,TTGTAAGCTCTG,UDI12A_0003,UDI_Set_A1,Lane1_Set_A1,plate_1,C1,lane_1
4,262_N48,QuantSeq 3’mRNA-Seq Library Prep Kit FWD with UDI 12 nt,GTTTAAAGGCAG,GTTTCCCGGACG,UDI12A_0004,UDI_Set_A1,Lane1_Set_A1,plate_1,D1,lane_1
5,312_LC064,QuantSeq 3’mRNA-Seq Library Prep Kit FWD with UDI 12 nt,CCAAAGAGGGAT,AACCCGCGGGCT,UDI12A_0005,UDI_Set_A1,Lane1_Set_A1,plate_1,E1,lane_1
6,307_LC077,QuantSeq 3’mRNA-Seq Library Prep Kit FWD with UDI 12 nt,TCCTCTCTTCTA,TAATATATTATC,UDI12A_0006,UDI_Set_A1,Lane1_Set_A1,plate_1,F1,lane_1
7,307_MC027,QuantSeq 3’mRNA-Seq Library Prep Kit FWD with UDI 12 nt,GAAGGGTAAAGC,GCCGGGTCCCGA,UDI12A_0007,UDI_Set_A1,Lane1_Set_A1,plate_1,G1,lane_1
8,242_N72,QuantSeq 3’mRNA-Seq Library Prep Kit FWD with UDI 12 nt,AGTCTCAGCAAA,CGTATACGACCC,UDI12A_0008,UDI_Set_A1,Lane1_Set_A1,plate_1,H1,lane_1
9,172_LC005,QuantSeq 3’mRNA-Seq Library Prep Kit FWD with UDI 12 nt,ATCGACTTGTGT,CTAGCATTGTGT,UDI12A_0009,UDI_Set_A1,Lane1_Set_A1,plate_1,A2,lane_1
10,302_LC123,QuantSeq 3’mRNA-Seq Library Prep Kit FWD with UDI 12 nt,AACCCTGGGAAG,CCAAATGGGCCG,UDI12A_0010,UDI_Set_A1,Lane1_Set_A1,plate_1,B2,lane_1
11,292_LC124,QuantSeq 3’mRNA-Seq Library Prep Kit FWD with UDI 12 nt,AGGTGGTTCTAC,CGGTGGTTATCA,UDI12A_0011,UDI_Set_A1,Lane1_Set_A1,plate_1,C2,lane_1
12,212_699,QuantSeq 3’mRNA-Seq Library Prep Kit FWD with UDI 12 nt,TACGCCCACGTG,TCAGAAACAGTG,UDI12A_0012,UDI_Set_A1,Lane1_Set_A1,plate_1,D2,lane_1
13,267_713,QuantSeq 3’mRNA-Seq Library Prep Kit FWD with UDI 12 nt,GATTTCCCCCGA,GCTTTAAAAAGC,UDI12A_0013,UDI_Set_A1,Lane1_Set_A1,plate_1,E2,lane_1
14,257_741,QuantSeq 3’mRNA-Seq Library Prep Kit FWD with UDI 12 nt,CCCAATTTTGCC,AAACCTTTTGAA,UDI12A_0014,UDI_Set_A1,Lane1_Set_A1,plate_1,F2,lane_1
15,196_1452,QuantSeq 3’mRNA-Seq Library Prep Kit FWD with UDI 12 nt,TCAACAACCGGT,TACCACCAAGGT,UDI12A_0015,UDI_Set_A1,Lane1_Set_A1,plate_1,G2,lane_1
16,184_1463,QuantSeq 3’mRNA-Seq Library Prep Kit FWD with UDI 12 nt,CAGATAATACGT,ACGCTCCTCAGT,UDI12A_0016,UDI_Set_A1,Lane1_Set_A1,plate_1,H2,lane_1
17,216_3446,QuantSeq 3’mRNA-Seq Library Prep Kit FWD with UDI 12 nt,TATTGGCGGCCT,TCTTGGAGGAAT,UDI12A_0017,UDI_Set_A1,Lane1_Set_A1,plate_1,A3,lane_1
18,188_4503,QuantSeq 3’mRNA-Seq Library Prep Kit FWD with UDI 12 nt,AGAGGCCGAACA,CGCGGAAGCCAC,UDI12A_0018,UDI_Set_A1,Lane1_Set_A1,plate_1,B3,lane_1
19,337_LC003,QuantSeq 3’mRNA-Seq Library Prep Kit FWD with UDI 12 nt,ATTATATCTGAA,CTTCTCTATGCC,UDI12A_0019,UDI_Set_A1,Lane1_Set_A1,plate_1,C3,lane_1
20,172_LC056,QuantSeq 3’mRNA-Seq Library Prep Kit FWD with UDI 12 nt,TGCTAAATTAGT,TGATCCCTTCGT,UDI12A_0020,UDI_Set_A1,Lane1_Set_A1,plate_1,D3,lane_1
21,152_LC126,QuantSeq 3’mRNA-Seq Library Prep Kit FWD with UDI 12 nt,CTATGCAAGCTG,ATCTGACCGATG,UDI12A_0021,UDI_Set_A1,Lane1_Set_A1,plate_1,E3,lane_1
22,297_LC127,QuantSeq 3’mRNA-Seq Library Prep Kit FWD with UDI 12 nt,CCGGGCGTCATG,AAGGGAGTACTG,UDI12A_0022,UDI_Set_A1,Lane1_Set_A1,plate_1,F3,lane_1
23,307_MC014,QuantSeq 3’mRNA-Seq Library Prep Kit FWD with UDI 12 nt,TGGAGACTGGGC,TGGCGCATGGGA,UDI12A_0023,UDI_Set_A1,Lane1_Set_A1,plate_1,G3,lane_1
24,232_N46,QuantSeq 3’mRNA-Seq Library Prep Kit FWD with UDI 12 nt,CTTACCGGGTAC,ATTCAAGGGTCA,UDI12A_0024,UDI_Set_A1,Lane1_Set_A1,plate_1,H3,lane_1
25,216_N50,QuantSeq 3’mRNA-Seq Library Prep Kit FWD with UDI 12 nt,TAAGATCGATTA,TCCGCTAGCTTC,UDI12A_0025,UDI_Set_A1,Lane1_Set_A1,plate_1,A4,lane_1
26,277_N53,QuantSeq 3’mRNA-Seq Library Prep Kit FWD with UDI 12 nt,CGAGTTTATCAG,AGCGTTTCTACG,UDI12A_0026,UDI_Set_A1,Lane1_Set_A1,plate_1,B4,lane_1
27,267_N54,QuantSeq 3’mRNA-Seq Library Prep Kit FWD with UDI 12 nt,CACTAGTTTCGT,ACATCGTTTAGT,UDI12A_0027,UDI_Set_A1,Lane1_Set_A1,plate_1,C4,lane_1
28,272_N56,QuantSeq 3’mRNA-Seq Library Prep Kit FWD with UDI 12 nt,GACCCGTCTTGA,GCAAAGTATTGC,UDI12A_0028,UDI_Set_A1,Lane1_Set_A1,plate_1,D4,lane_1
29,216_N58,QuantSeq 3’mRNA-Seq Library Prep Kit FWD with UDI 12 nt,AAATGTAGTGAG,CCCTGTCGTGCG,UDI12A_0029,UDI_Set_A1,Lane1_Set_A1,plate_1,E4,lane_1
30,200_N59,QuantSeq 3’mRNA-Seq Library Prep Kit FWD with UDI 12 nt,ACAGGACTCTGG,CACGGCATATGG,UDI12A_0030,UDI_Set_A1,Lane1_Set_A1,plate_1,F4,lane_1
31,282_N59,QuantSeq 3’mRNA-Seq Library Prep Kit FWD with UDI 12 nt,AAAATCCCAGTT,CCCCTAAACGTT,UDI12A_0031,UDI_Set_A1,Lane1_Set_A1,plate_1,G4,lane_1
32,220_617,QuantSeq 3’mRNA-Seq Library Prep Kit FWD with UDI 12 nt,GCATCCATGCAT,GACTAACTGACT,UDI12A_0032,UDI_Set_A1,Lane1_Set_A1,plate_1,H4,lane_1
33,224_663,QuantSeq 3’mRNA-Seq Library Prep Kit FWD with UDI 12 nt,CACCTTCGGTTG,ACAATTAGGTTG,UDI12A_0033,UDI_Set_A1,Lane1_Set_A1,plate_1,A5,lane_1
34,272_675,QuantSeq 3’mRNA-Seq Library Prep Kit FWD with UDI 12 nt,AGCAAAGGATGT,CGACCCGGCTGT,UDI12A_0034,UDI_Set_A1,Lane1_Set_A1,plate_1,B5,lane_1
35,228_679,QuantSeq 3’mRNA-Seq Library Prep Kit FWD with UDI 12 nt,AGGCTTAATCGG,CGGATTCCTAGG,UDI12A_0035,UDI_Set_A1,Lane1_Set_A1,plate_1,C5,lane_1
36,204_689,QuantSeq 3’mRNA-Seq Library Prep Kit FWD with UDI 12 nt,GCGCGAAGTTGA,GAGAGCCGTTGC,UDI12A_0036,UDI_Set_A1,Lane1_Set_A1,plate_1,D5,lane_1
37,282_695,QuantSeq 3’mRNA-Seq Library Prep Kit FWD with UDI 12 nt,TTAGGACGCAAA,TTCGGCAGACCC,UDI12A_0037,UDI_Set_A1,Lane1_Set_A1,plate_1,E5,lane_1
38,277_699,QuantSeq 3’mRNA-Seq Library Prep Kit FWD with UDI 12 nt,ATGGGCTAGACA,CTGGGATCGCAC,UDI12A_0038,UDI_Set_A1,Lane1_Set_A1,plate_1,F5,lane_1
39,208_713,QuantSeq 3’mRNA-Seq Library Prep Kit FWD with UDI 12 nt,TTTGTGGACACG,TTTGTGGCACAG,UDI12A_0039,UDI_Set_A1,Lane1_Set_A1,plate_1,G5,lane_1
40,224_719,QuantSeq 3’mRNA-Seq Library Prep Kit FWD with UDI 12 nt,GAATTCGTATAC,GCCTTAGTCTCA,UDI12A_0040,UDI_Set_A1,Lane1_Set_A1,plate_1,H5,lane_1
41,212_741,QuantSeq 3’mRNA-Seq Library Prep Kit FWD with UDI 12 nt,TCGAGTCCCGGA,TAGCGTAAAGGC,UDI12A_0041,UDI_Set_A1,Lane1_Set_A1,plate_1,A6,lane_1
42,212_753,QuantSeq 3’mRNA-Seq Library Prep Kit FWD with UDI 12 nt,CCGTTGAAGGGG,AAGTTGCCGGGG,UDI12A_0042,UDI_Set_A1,Lane1_Set_A1,plate_1,B6,lane_1
43,224_1220,QuantSeq 3’mRNA-Seq Library Prep Kit FWD with UDI 12 nt,CAAGGTCCCCTT,ACCGGTAAAATT,UDI12A_0043,UDI_Set_A1,Lane1_Set_A1,plate_1,C6,lane_1
44,192_1280,QuantSeq 3’mRNA-Seq Library Prep Kit FWD with UDI 12 nt,TCCTAGCGATTT,TAATCGAGCTTT,UDI12A_0044,UDI_Set_A1,Lane1_Set_A1,plate_1,D6,lane_1
45,204_1332,QuantSeq 3’mRNA-Seq Library Prep Kit FWD with UDI 12 nt,CCGCCCTATTTC,AAGAAATCTTTA,UDI12A_0045,UDI_Set_A1,Lane1_Set_A1,plate_1,E6,lane_1
46,204_1340,QuantSeq 3’mRNA-Seq Library Prep Kit FWD with UDI 12 nt,CTGTAGTCGCCA,ATGTCGTAGAAC,UDI12A_0046,UDI_Set_A1,Lane1_Set_A1,plate_1,F6,lane_1
47,247_1452,QuantSeq 3’mRNA-Seq Library Prep Kit FWD with UDI 12 nt,CCTGGTACTTTC,AATGGTCATTTA,UDI12A_0047,UDI_Set_A1,Lane1_Set_A1,plate_1,G6,lane_1
48,192_3342,QuantSeq 3’mRNA-Seq Library Prep Kit FWD with UDI 12 nt,AGCTTCTTTTCC,CGATTATTTTAA,UDI12A_0048,UDI_Set_A1,Lane1_Set_A1,plate_1,H6,lane_1
49,188_3343,QuantSeq 3’mRNA-Seq Library Prep Kit FWD with UDI 12 nt,AAAACATGCGTT,CCCCACTGAGTT,UDI12A_0049,UDI_Set_A1,Lane1_Set_A1,plate_1,A7,lane_1
50,257_3421,QuantSeq 3’mRNA-Seq Library Prep Kit FWD with UDI 12 nt,TCGTCTGGCCGT,TAGTATGGAAGT,UDI12A_0050,UDI_Set_A1,Lane1_Set_A1,plate_1,B7,lane_1
51,272_3446,QuantSeq 3’mRNA-Seq Library Prep Kit FWD with UDI 12 nt,CTCTTTAAACAA,ATATTTCCCACC,UDI12A_0051,UDI_Set_A1,Lane1_Set_A1,plate_1,C7,lane_1
52,200_4360,QuantSeq 3’mRNA-Seq Library Prep Kit FWD with UDI 12 nt,TGTTTTGCTAAC,TGTTTTGATCCA,UDI12A_0052,UDI_Set_A1,Lane1_Set_A1,plate_1,D7,lane_1
53,252_4503,QuantSeq 3’mRNA-Seq Library Prep Kit FWD with UDI 12 nt,ACCCGAACGAGC,CAAAGCCAGCGA,UDI12A_0053,UDI_Set_A1,Lane1_Set_A1,plate_1,E7,lane_1
54,200_4616,QuantSeq 3’mRNA-Seq Library Prep Kit FWD with UDI 12 nt,TCCCGGCTAAAA,TAAAGGATCCCC,UDI12A_0054,UDI_Set_A1,Lane1_Set_A1,plate_1,F7,lane_1
55,168_LC003,QuantSeq 3’mRNA-Seq Library Prep Kit FWD with UDI 12 nt,GAGTCGGTGGCA,GCGTAGGTGGAC,UDI12A_0055,UDI_Set_A1,Lane1_Set_A1,plate_1,G7,lane_1
56,156_LC007,QuantSeq 3’mRNA-Seq Library Prep Kit FWD with UDI 12 nt,AATAGCTTTTTC,CCTCGATTTTTA,UDI12A_0056,UDI_Set_A1,Lane1_Set_A1,plate_1,H7,lane_1
57,302_LC007,QuantSeq 3’mRNA-Seq Library Prep Kit FWD with UDI 12 nt,GCTAGCTCAGAT,GATCGATACGCT,UDI12A_0057,UDI_Set_A1,Lane1_Set_A1,plate_1,A8,lane_1
58,160_LC013,QuantSeq 3’mRNA-Seq Library Prep Kit FWD with UDI 12 nt,TATAAGGGAATG,TCTCCGGGCCTG,UDI12A_0058,UDI_Set_A1,Lane1_Set_A1,plate_1,B8,lane_1
59,156_LC018,QuantSeq 3’mRNA-Seq Library Prep Kit FWD with UDI 12 nt,AAGTTGCGGGTA,CCGTTGAGGGTC,UDI12A_0059,UDI_Set_A1,Lane1_Set_A1,plate_1,C8,lane_1
60,156_LC024,QuantSeq 3’mRNA-Seq Library Prep Kit FWD with UDI 12 nt,GACATTATTCTT,GCACTTCTTATT,UDI12A_0060,UDI_Set_A1,Lane1_Set_A1,plate_1,D8,lane_1
61,176_LC041,QuantSeq 3’mRNA-Seq Library Prep Kit FWD with UDI 12 nt,GAAAATTTACGC,GCCCCTTTCAGA,UDI12A_0061,UDI_Set_A1,Lane1_Set_A1,plate_1,E8,lane_1
62,176_LC042,QuantSeq 3’mRNA-Seq Library Prep Kit FWD with UDI 12 nt,AAACTAACTGTC,CCCATCCATGTA,UDI12A_0062,UDI_Set_A1,Lane1_Set_A1,plate_1,F8,lane_1
63,176_LC043,QuantSeq 3’mRNA-Seq Library Prep Kit FWD with UDI 12 nt,TAATTACAAAGA,TCCTTCACCCGC,UDI12A_0063,UDI_Set_A1,Lane1_Set_A1,plate_1,G8,lane_1
64,332_LC045,QuantSeq 3’mRNA-Seq Library Prep Kit FWD with UDI 12 nt,GTGGCACCACTT,GTGGACAACATT,UDI12A_0064,UDI_Set_A1,Lane1_Set_A1,plate_1,H8,lane_1
65,172_LC049,QuantSeq 3’mRNA-Seq Library Prep Kit FWD with UDI 12 nt,ATTCAACCTCTA,CTTACCAATATC,UDI12A_0065,UDI_Set_A1,Lane1_Set_A1,plate_1,A9,lane_1
66,332_LC049,QuantSeq 3’mRNA-Seq Library Prep Kit FWD with UDI 12 nt,GTCAAATGTCCT,GTACCCTGTAAT,UDI12A_0066,UDI_Set_A1,Lane1_Set_A1,plate_1,B9,lane_1
67,176_LC052,QuantSeq 3’mRNA-Seq Library Prep Kit FWD with UDI 12 nt,ATTCCTGAGTTA,CTTAATGCGTTC,UDI12A_0067,UDI_Set_A1,Lane1_Set_A1,plate_1,C9,lane_1
68,172_LC053,QuantSeq 3’mRNA-Seq Library Prep Kit FWD with UDI 12 nt,ATCCGCCAGGAT,CTAAGAACGGCT,UDI12A_0068,UDI_Set_A1,Lane1_Set_A1,plate_1,D9,lane_1
69,342_LC055,QuantSeq 3’mRNA-Seq Library Prep Kit FWD with UDI 12 nt,CTCTCCATCGAA,ATATAACTAGCC,UDI12A_0069,UDI_Set_A1,Lane1_Set_A1,plate_1,E9,lane_1
70,327_LC058,QuantSeq 3’mRNA-Seq Library Prep Kit FWD with UDI 12 nt,CCCACCGTAAGC,AAACAAGTCCGA,UDI12A_0070,UDI_Set_A1,Lane1_Set_A1,plate_1,F9,lane_1
71,140_LC062,QuantSeq 3’mRNA-Seq Library Prep Kit FWD with UDI 12 nt,TAACCAGCACTT,TCCAACGACATT,UDI12A_0071,UDI_Set_A1,Lane1_Set_A1,plate_1,G9,lane_1
72,136_LC064,QuantSeq 3’mRNA-Seq Library Prep Kit FWD with UDI 12 nt,TTGCGTTCTCAA,TTGAGTTATACC,UDI12A_0072,UDI_Set_A1,Lane1_Set_A1,plate_1,H9,lane_1
73,332_LC078,QuantSeq 3’mRNA-Seq Library Prep Kit FWD with UDI 12 nt,GCGCCGGGTCCC,GAGAAGGGTAAA,UDI12A_0073,UDI_Set_A1,Lane1_Set_A1,plate_1,A10,lane_1
74,148_LC085,QuantSeq 3’mRNA-Seq Library Prep Kit FWD with UDI 12 nt,ACGATACGCCAA,CAGCTCAGAACC,UDI12A_0074,UDI_Set_A1,Lane1_Set_A1,plate_1,B10,lane_1
75,140_LC110,QuantSeq 3’mRNA-Seq Library Prep Kit FWD with UDI 12 nt,CAAATTGGAACG,ACCCTTGGCCAG,UDI12A_0075,UDI_Set_A1,Lane1_Set_A1,plate_1,C10,lane_1
76,164_LC115,QuantSeq 3’mRNA-Seq Library Prep Kit FWD with UDI 12 nt,AATGACCGTAGG,CCTGCAAGTCGG,UDI12A_0076,UDI_Set_A1,Lane1_Set_A1,plate_1,D10,lane_1
77,322_LC122,QuantSeq 3’mRNA-Seq Library Prep Kit FWD with UDI 12 nt,TTGACAGCGTCG,TTGCACGAGTAG,UDI12A_0077,UDI_Set_A1,Lane1_Set_A1,plate_1,E10,lane_1
78,152_LC125,QuantSeq 3’mRNA-Seq Library Prep Kit FWD with UDI 12 nt,CACCAGAGATAT,ACAACGCGCTCT,UDI12A_0078,UDI_Set_A1,Lane1_Set_A1,plate_1,F10,lane_1
79,152_LC127,QuantSeq 3’mRNA-Seq Library Prep Kit FWD with UDI 12 nt,ACTAAGCGCGTG,CATCCGAGAGTG,UDI12A_0079,UDI_Set_A1,Lane1_Set_A1,plate_1,G10,lane_1
80,160_MC002,QuantSeq 3’mRNA-Seq Library Prep Kit FWD with UDI 12 nt,TGTGGGGTGATT,TGTGGGGTGCTT,UDI12A_0080,UDI_Set_A1,Lane1_Set_A1,plate_1,H10,lane_1
81,136_MC011,QuantSeq 3’mRNA-Seq Library Prep Kit FWD with UDI 12 nt,GCCTAATACAAC,GAATCCTCACCA,UDI12A_0081,UDI_Set_A1,Lane1_Set_A1,plate_1,A11,lane_1
82,148_MC019,QuantSeq 3’mRNA-Seq Library Prep Kit FWD with UDI 12 nt,GTTTGACTTTAT,GTTTGCATTTCT,UDI12A_0082,UDI_Set_A1,Lane1_Set_A1,plate_1,B11,lane_1
83,322_MC019,QuantSeq 3’mRNA-Seq Library Prep Kit FWD with UDI 12 nt,TACGGTATAGAA,TCAGGTCTCGCC,UDI12A_0083,UDI_Set_A1,Lane1_Set_A1,plate_1,C11,lane_1
84,192_N49,QuantSeq 3’mRNA-Seq Library Prep Kit FWD with UDI 12 nt,GTCAGGCTGCGT,GTACGGATGAGT,UDI12A_0084,UDI_Set_A1,Lane1_Set_A1,plate_1,D11,lane_1
85,262_N52,QuantSeq 3’mRNA-Seq Library Prep Kit FWD with UDI 12 nt,TGAGGCATTTGG,TGCGGACTTTGG,UDI12A_0085,UDI_Set_A1,Lane1_Set_A1,plate_1,E11,lane_1
86,208_N54,QuantSeq 3’mRNA-Seq Library Prep Kit FWD with UDI 12 nt,ATCGGAAAATTC,CTAGGCCCCTTA,UDI12A_0086,UDI_Set_A1,Lane1_Set_A1,plate_1,F11,lane_1
87,188_N60,QuantSeq 3’mRNA-Seq Library Prep Kit FWD with UDI 12 nt,TTATCACTCCTT,TTCTACATAATT,UDI12A_0087,UDI_Set_A1,Lane1_Set_A1,plate_1,G11,lane_1
88,196_N67,QuantSeq 3’mRNA-Seq Library Prep Kit FWD with UDI 12 nt,CCATTGTCTAAA,AACTTGTATCCC,UDI12A_0088,UDI_Set_A1,Lane1_Set_A1,plate_1,H11,lane_1
89,237_N67,QuantSeq 3’mRNA-Seq Library Prep Kit FWD with UDI 12 nt,CGGGTAGGGCGT,AGGGTCGGGAGT,UDI12A_0089,UDI_Set_A1,Lane1_Set_A1,plate_1,A12,lane_1
90,188_N70,QuantSeq 3’mRNA-Seq Library Prep Kit FWD with UDI 12 nt,GATAGAAACACC,GCTCGCCCACAA,UDI12A_0090,UDI_Set_A1,Lane1_Set_A1,plate_1,B12,lane_1
91,184_N72,QuantSeq 3’mRNA-Seq Library Prep Kit FWD with UDI 12 nt,TGCCATGTTCGG,TGAACTGTTAGG,UDI12A_0091,UDI_Set_A1,Lane1_Set_A1,plate_1,C12,lane_1
92,277_617,QuantSeq 3’mRNA-Seq Library Prep Kit FWD with UDI 12 nt,CTTAATGATATC,ATTCCTGCTCTA,UDI12A_0092,UDI_Set_A1,Lane1_Set_A1,plate_1,D12,lane_1
93,220_675,QuantSeq 3’mRNA-Seq Library Prep Kit FWD with UDI 12 nt,CCGACGGACCAT,AAGCAGGCAACT,UDI12A_0093,UDI_Set_A1,Lane1_Set_A1,plate_1,E12,lane_1
94,216_693,QuantSeq 3’mRNA-Seq Library Prep Kit FWD with UDI 12 nt,TTCCAAAAAATG,TTAACCCCCCTG,UDI12A_0094,UDI_Set_A1,Lane1_Set_A1,plate_1,F12,lane_1
95,287_693,QuantSeq 3’mRNA-Seq Library Prep Kit FWD with UDI 12 nt,GTACCGAACCCG,GTCAAGCCAAAG,UDI12A_0095,UDI_Set_A1,Lane1_Set_A1,plate_1,G12,lane_1
96,220_695,QuantSeq 3’mRNA-Seq Library Prep Kit FWD with UDI 12 nt,GCGTGTTAACGC,GAGTGTTCCAGA,UDI12A_0096,UDI_Set_A1,Lane1_Set_A1,plate_1,H12,lane_1
97,247_719,QuantSeq 3’mRNA-Seq Library Prep Kit FWD with UDI 12 nt,AGTATTATGCCC,CGTCTTCTGAAA,UDI12A_0097,UDI_Set_A2,Lane1_Set_A2,plate_2,A1,lane_1
98,204_765,QuantSeq 3’mRNA-Seq Library Prep Kit FWD with UDI 12 nt,AGCACACTTACA,CGACACATTCAC,UDI12A_0098,UDI_Set_A2,Lane1_Set_A2,plate_2,B1,lane_1
99,196_1004,QuantSeq 3’mRNA-Seq Library Prep Kit FWD with UDI 12 nt,AGAATGTCGACA,CGCCTGTAGCAC,UDI12A_0099,UDI_Set_A2,Lane1_Set_A2,plate_2,C1,lane_1
100,257_1340,QuantSeq 3’mRNA-Seq Library Prep Kit FWD with UDI 12 nt,AAGTAACAGCTT,CCGTCCACGATT,UDI12A_0100,UDI_Set_A2,Lane1_Set_A2,plate_2,D1,lane_1
101,184_1455,QuantSeq 3’mRNA-Seq Library Prep Kit FWD with UDI 12 nt,TAGACTCTGACT,TCGCATATGCAT,UDI12A_0101,UDI_Set_A2,Lane1_Set_A2,plate_2,E1,lane_1
102,237_3343,QuantSeq 3’mRNA-Seq Library Prep Kit FWD with UDI 12 nt,ATAGACGATCCC,CTCGCAGCTAAA,UDI12A_0102,UDI_Set_A2,Lane1_Set_A2,plate_2,F1,lane_1
103,192_3420,QuantSeq 3’mRNA-Seq Library Prep Kit FWD with UDI 12 nt,TCATGCCGAACT,TACTGAAGCCAT,UDI12A_0103,UDI_Set_A2,Lane1_Set_A2,plate_2,G1,lane_1
104,252_4360,QuantSeq 3’mRNA-Seq Library Prep Kit FWD with UDI 12 nt,CGTCGAATATGG,AGTAGCCTCTGG,UDI12A_0104,UDI_Set_A2,Lane1_Set_A2,plate_2,H1,lane_1
105,252_4616,QuantSeq 3’mRNA-Seq Library Prep Kit FWD with UDI 12 nt,ATGACCCAGATG,CTGCAAACGCTG,UDI12A_0105,UDI_Set_A2,Lane1_Set_A2,plate_2,A2,lane_1
106,342_LC005,QuantSeq 3’mRNA-Seq Library Prep Kit FWD with UDI 12 nt,ATTTGGCCGATT,CTTTGGAAGCTT,UDI12A_0106,UDI_Set_A2,Lane1_Set_A2,plate_2,B2,lane_1
107,164_LC016,QuantSeq 3’mRNA-Seq Library Prep Kit FWD with UDI 12 nt,AGTGGCGCAAGC,CGTGGAGACCGA,UDI12A_0107,UDI_Set_A2,Lane1_Set_A2,plate_2,C2,lane_1
108,297_LC018,QuantSeq 3’mRNA-Seq Library Prep Kit FWD with UDI 12 nt,CGCCTTTTAGGG,AGAATTTTCGGG,UDI12A_0108,UDI_Set_A2,Lane1_Set_A2,plate_2,D2,lane_1
109,292_LC024,QuantSeq 3’mRNA-Seq Library Prep Kit FWD with UDI 12 nt,CTCGGTGATCGT,ATAGGTGCTAGT,UDI12A_0109,UDI_Set_A2,Lane1_Set_A2,plate_2,E2,lane_1
110,168_LC045,QuantSeq 3’mRNA-Seq Library Prep Kit FWD with UDI 12 nt,CCGTGTGCTGAA,AAGTGTGATGCC,UDI12A_0110,UDI_Set_A2,Lane1_Set_A2,plate_2,F2,lane_1
111,164_LC048,QuantSeq 3’mRNA-Seq Library Prep Kit FWD with UDI 12 nt,ATCCTGTGCCTA,CTAATGTGAATC,UDI12A_0111,UDI_Set_A2,Lane1_Set_A2,plate_2,G2,lane_1
112,347_LC052,QuantSeq 3’mRNA-Seq Library Prep Kit FWD with UDI 12 nt,TCTAATCTGACG,TATCCTATGCAG,UDI12A_0112,UDI_Set_A2,Lane1_Set_A2,plate_2,H2,lane_1
113,342_LC053,QuantSeq 3’mRNA-Seq Library Prep Kit FWD with UDI 12 nt,AGTGGATAAGTT,CGTGGCTCCGTT,UDI12A_0113,UDI_Set_A2,Lane1_Set_A2,plate_2,A3,lane_1
114,168_LC055,QuantSeq 3’mRNA-Seq Library Prep Kit FWD with UDI 12 nt,TGCCCTCAAACC,TGAAATACCCAA,UDI12A_0114,UDI_Set_A2,Lane1_Set_A2,plate_2,B3,lane_1
115,337_LC056,QuantSeq 3’mRNA-Seq Library Prep Kit FWD with UDI 12 nt,CTCCCCTGTGAC,ATAAAATGTGCA,UDI12A_0115,UDI_Set_A2,Lane1_Set_A2,plate_2,C3,lane_1
116,312_LC062,QuantSeq 3’mRNA-Seq Library Prep Kit FWD with UDI 12 nt,GTATGCGGTAGC,GTCTGAGGTCGA,UDI12A_0116,UDI_Set_A2,Lane1_Set_A2,plate_2,D3,lane_1
117,140_LC077,QuantSeq 3’mRNA-Seq Library Prep Kit FWD with UDI 12 nt,CCACTACATCTT,AACATCACTATT,UDI12A_0117,UDI_Set_A2,Lane1_Set_A2,plate_2,E3,lane_1
118,180_LC078,QuantSeq 3’mRNA-Seq Library Prep Kit FWD with UDI 12 nt,CTAAACTTCTTG,ATCCCATTATTG,UDI12A_0118,UDI_Set_A2,Lane1_Set_A2,plate_2,F3,lane_1
119,136_LC079,QuantSeq 3’mRNA-Seq Library Prep Kit FWD with UDI 12 nt,GCAGATATGGTA,GACGCTCTGGTC,UDI12A_0119,UDI_Set_A2,Lane1_Set_A2,plate_2,G3,lane_1
120,317_LC079,QuantSeq 3’mRNA-Seq Library Prep Kit FWD with UDI 12 nt,TCTGCTTGAGGT,TATGATTGCGGT,UDI12A_0120,UDI_Set_A2,Lane1_Set_A2,plate_2,H3,lane_1
121,144_LC088,QuantSeq 3’mRNA-Seq Library Prep Kit FWD with UDI 12 nt,GAAATGTGAAGG,GCCCTGTGCCGG,UDI12A_0121,UDI_Set_A2,Lane1_Set_A2,plate_2,A4,lane_1
122,312_LC088,QuantSeq 3’mRNA-Seq Library Prep Kit FWD with UDI 12 nt,CAAACGCTGAGG,ACCCAGATGCGG,UDI12A_0122,UDI_Set_A2,Lane1_Set_A2,plate_2,B4,lane_1
123,136_LC101,QuantSeq 3’mRNA-Seq Library Prep Kit FWD with UDI 12 nt,GCTACTTTGGGG,GATCATTTGGGG,UDI12A_0123,UDI_Set_A2,Lane1_Set_A2,plate_2,C4,lane_1
124,327_LC115,QuantSeq 3’mRNA-Seq Library Prep Kit FWD with UDI 12 nt,AGAAATTGGCAT,CGCCCTTGGACT,UDI12A_0124,UDI_Set_A2,Lane1_Set_A2,plate_2,D4,lane_1
125,164_LC122,QuantSeq 3’mRNA-Seq Library Prep Kit FWD with UDI 12 nt,CTGCCAACACGA,ATGAACCACAGC,UDI12A_0125,UDI_Set_A2,Lane1_Set_A2,plate_2,E4,lane_1
126,160_LC123,QuantSeq 3’mRNA-Seq Library Prep Kit FWD with UDI 12 nt,CCAAATCCTTCG,AACCCTAATTAG,UDI12A_0126,UDI_Set_A2,Lane1_Set_A2,plate_2,F4,lane_1
127,152_LC124,QuantSeq 3’mRNA-Seq Library Prep Kit FWD with UDI 12 nt,CGCCCAAATATC,AGAAACCCTCTA,UDI12A_0127,UDI_Set_A2,Lane1_Set_A2,plate_2,G4,lane_1
128,297_LC125,QuantSeq 3’mRNA-Seq Library Prep Kit FWD with UDI 12 nt,TTTATCGTTAAT,TTTCTAGTTCCT,UDI12A_0128,UDI_Set_A2,Lane1_Set_A2,plate_2,H4,lane_1
129,302_LC126,QuantSeq 3’mRNA-Seq Library Prep Kit FWD with UDI 12 nt,ACGTCAACGTCC,CAGTACCAGTAA,UDI12A_0129,UDI_Set_A2,Lane1_Set_A2,plate_2,A5,lane_1
130,148_LC129,QuantSeq 3’mRNA-Seq Library Prep Kit FWD with UDI 12 nt,TCAGGTAAACTT,TACGGTCCCATT,UDI12A_0130,UDI_Set_A2,Lane1_Set_A2,plate_2,B5,lane_1
131,160_LC157,QuantSeq 3’mRNA-Seq Library Prep Kit FWD with UDI 12 nt,AGAGTATTAGAG,CGCGTCTTCGCG,UDI12A_0131,UDI_Set_A2,Lane1_Set_A2,plate_2,C5,lane_1
132,302_LC157,QuantSeq 3’mRNA-Seq Library Prep Kit FWD with UDI 12 nt,TACATGGCCACT,TCACTGGAACAT,UDI12A_0132,UDI_Set_A2,Lane1_Set_A2,plate_2,D5,lane_1
133,327_MC002,QuantSeq 3’mRNA-Seq Library Prep Kit FWD with UDI 12 nt,GCAGGTTCTCGT,GACGGTTATAGT,UDI12A_0133,UDI_Set_A2,Lane1_Set_A2,plate_2,E5,lane_1
134,312_MC011,QuantSeq 3’mRNA-Seq Library Prep Kit FWD with UDI 12 nt,CGATGATAACGG,AGCTGCTCCAGG,UDI12A_0134,UDI_Set_A2,Lane1_Set_A2,plate_2,F5,lane_1
135,144_MC014,QuantSeq 3’mRNA-Seq Library Prep Kit FWD with UDI 12 nt,AGTTCTACGGAC,CGTTATCAGGCA,UDI12A_0135,UDI_Set_A2,Lane1_Set_A2,plate_2,G5,lane_1
136,317_MC026,QuantSeq 3’mRNA-Seq Library Prep Kit FWD with UDI 12 nt,TCTCAGATTCAT,TATACGCTTACT,UDI12A_0136,UDI_Set_A2,Lane1_Set_A2,plate_2,H5,lane_1
137,140_MC027,QuantSeq 3’mRNA-Seq Library Prep Kit FWD with UDI 12 nt,ACTGTCCCGCTA,CATGTAAAGATC,UDI12A_0137,UDI_Set_A2,Lane1_Set_A2,plate_2,A6,lane_1
138,184_N46,QuantSeq 3’mRNA-Seq Library Prep Kit FWD with UDI 12 nt,ATGACGGTGAGC,CTGCAGGTGCGA,UDI12A_0138,UDI_Set_A2,Lane1_Set_A2,plate_2,B6,lane_1
139,212_N48,QuantSeq 3’mRNA-Seq Library Prep Kit FWD with UDI 12 nt,GACCGTGCGCAA,GCAAGTGAGACC,UDI12A_0139,UDI_Set_A2,Lane1_Set_A2,plate_2,C6,lane_1
140,237_N49,QuantSeq 3’mRNA-Seq Library Prep Kit FWD with UDI 12 nt,TACTCGTGCTGT,TCATAGTGATGT,UDI12A_0140,UDI_Set_A2,Lane1_Set_A2,plate_2,D6,lane_1
141,262_N50,QuantSeq 3’mRNA-Seq Library Prep Kit FWD with UDI 12 nt,GTTCATAATCAC,GTTACTCCTACA,UDI12A_0141,UDI_Set_A2,Lane1_Set_A2,plate_2,E6,lane_1
142,208_N52,QuantSeq 3’mRNA-Seq Library Prep Kit FWD with UDI 12 nt,AGAGAAGCGTTA,CGCGCCGAGTTC,UDI12A_0142,UDI_Set_A2,Lane1_Set_A2,plate_2,F6,lane_1
143,224_N53,QuantSeq 3’mRNA-Seq Library Prep Kit FWD with UDI 12 nt,AGGACATCGGAC,CGGCACTAGGCA,UDI12A_0143,UDI_Set_A2,Lane1_Set_A2,plate_2,G6,lane_1
144,232_N60,QuantSeq 3’mRNA-Seq Library Prep Kit FWD with UDI 12 nt,TGCGTTAACTCT,TGAGTTCCATAT,UDI12A_0144,UDI_Set_A2,Lane1_Set_A2,plate_2,H6,lane_1
145,242_N70,QuantSeq 3’mRNA-Seq Library Prep Kit FWD with UDI 12 nt,AACTTGTAAATA,CCATTGTCCCTC,UDI12A_0145,UDI_Set_A2,Lane1_Set_A2,plate_2,A7,lane_1
146,200_N73,QuantSeq 3’mRNA-Seq Library Prep Kit FWD with UDI 12 nt,TATCCTACTCAT,TCTAATCATACT,UDI12A_0146,UDI_Set_A2,Lane1_Set_A2,plate_2,B7,lane_1
147,277_679,QuantSeq 3’mRNA-Seq Library Prep Kit FWD with UDI 12 nt,CCACGAGCACTG,AACAGCGACATG,UDI12A_0147,UDI_Set_A2,Lane1_Set_A2,plate_2,C7,lane_1
148,267_753,QuantSeq 3’mRNA-Seq Library Prep Kit FWD with UDI 12 nt,GCGTTCGATGAA,GAGTTAGCTGCC,UDI12A_0148,UDI_Set_A2,Lane1_Set_A2,plate_2,D7,lane_1
149,232_1463,QuantSeq 3’mRNA-Seq Library Prep Kit FWD with UDI 12 nt,TTAGCTATCTTG,TTCGATCTATTG,UDI12A_0149,UDI_Set_A2,Lane1_Set_A2,plate_2,E7,lane_1
150,196_1470,QuantSeq 3’mRNA-Seq Library Prep Kit FWD with UDI 12 nt,AGGTCCTGGGGA,CGGTAATGGGGC,UDI12A_0150,UDI_Set_A2,Lane1_Set_A2,plate_2,F7,lane_1
151,267_1470,QuantSeq 3’mRNA-Seq Library Prep Kit FWD with UDI 12 nt,ACTTCGTCCAGT,CATTAGTAACGT,UDI12A_0151,UDI_Set_A2,Lane1_Set_A2,plate_2,G7,lane_1
152,242_3420,QuantSeq 3’mRNA-Seq Library Prep Kit FWD with UDI 12 nt,TAGTGCTTCTAA,TCGTGATTATCC,UDI12A_0152,UDI_Set_A2,Lane1_Set_A2,plate_2,H7,lane_1
153,332_LC043,QuantSeq 3’mRNA-Seq Library Prep Kit FWD with UDI 12 nt,GCCGGAGGTCTG,GAAGGCGGTATG,UDI12A_0153,UDI_Set_A2,Lane1_Set_A2,plate_2,A8,lane_1
154,317_LC085,QuantSeq 3’mRNA-Seq Library Prep Kit FWD with UDI 12 nt,GTTCGATCAGTA,GTTAGCTACGTC,UDI12A_0154,UDI_Set_A2,Lane1_Set_A2,plate_2,B8,lane_1
155,322_LC101,QuantSeq 3’mRNA-Seq Library Prep Kit FWD with UDI 12 nt,CCAGAAGTTATT,AACGCCGTTCTT,UDI12A_0155,UDI_Set_A2,Lane1_Set_A2,plate_2,C8,lane_1
156,144_LC114,QuantSeq 3’mRNA-Seq Library Prep Kit FWD with UDI 12 nt,CATAGGGAGGGG,ACTCGGGCGGGG,UDI12A_0156,UDI_Set_A2,Lane1_Set_A2,plate_2,D8,lane_1
157,307_LC114,QuantSeq 3’mRNA-Seq Library Prep Kit FWD with UDI 12 nt,CAGGCGCGAAGA,ACGGAGAGCCGC,UDI12A_0157,UDI_Set_A2,Lane1_Set_A2,plate_2,E8,lane_1
158,148_MC005,QuantSeq 3’mRNA-Seq Library Prep Kit FWD with UDI 12 nt,CCCGATAGTACA,AAAGCTCGTCAC,UDI12A_0158,UDI_Set_A2,Lane1_Set_A2,plate_2,F8,lane_1
159,144_MC026,QuantSeq 3’mRNA-Seq Library Prep Kit FWD with UDI 12 nt,AGCCCGCGTCGT,CGAAAGAGTAGT,UDI12A_0159,UDI_Set_A2,Lane1_Set_A2,plate_2,G8,lane_1
160,168_MC032,QuantSeq 3’mRNA-Seq Library Prep Kit FWD with UDI 12 nt,TGGCCATACGTA,TGGAACTCAGTC,UDI12A_0160,UDI_Set_A2,Lane1_Set_A2,plate_2,H8,lane_1
161,282_689,QuantSeq 3’mRNA-Seq Library Prep Kit FWD with UDI 12 nt,AAGCGGCAGAGG,CCGAGGACGCGG,UDI12A_0161,UDI_Set_A2,Lane1_Set_A2,plate_2,A9,lane_1
162,232_1004,QuantSeq 3’mRNA-Seq Library Prep Kit FWD with UDI 12 nt,TACGCAGTACAA,TCAGACGTCACC,UDI12A_0162,UDI_Set_A2,Lane1_Set_A2,plate_2,B9,lane_1
163,262_1220,QuantSeq 3’mRNA-Seq Library Prep Kit FWD with UDI 12 nt,TCTGTAATTGCA,TATGTCCTTGAC,UDI12A_0163,UDI_Set_A2,Lane1_Set_A2,plate_2,C9,lane_1
164,237_1332,QuantSeq 3’mRNA-Seq Library Prep Kit FWD with UDI 12 nt,TACCATTCGCAG,TCAACTTAGACG,UDI12A_0164,UDI_Set_A2,Lane1_Set_A2,plate_2,D9,lane_1
165,252_3342,QuantSeq 3’mRNA-Seq Library Prep Kit FWD with UDI 12 nt,CGCAAGCCCTCG,AGACCGAAATAG,UDI12A_0165,UDI_Set_A2,Lane1_Set_A2,plate_2,E9,lane_1
166,156_LC058,QuantSeq 3’mRNA-Seq Library Prep Kit FWD with UDI 12 nt,CACGCGATGGGC,ACAGAGCTGGGA,UDI12A_0166,UDI_Set_A2,Lane1_Set_A2,plate_2,F9,lane_1
167,337_MC032,QuantSeq 3’mRNA-Seq Library Prep Kit FWD with UDI 12 nt,CACACAAGGGAG,ACACACCGGGCG,UDI12A_0167,UDI_Set_A2,Lane1_Set_A2,plate_2,G9,lane_1
168,208_N56,QuantSeq 3’mRNA-Seq Library Prep Kit FWD with UDI 12 nt,TTAGTGTTAAAA,TTCGTGTTCCCC,UDI12A_0168,UDI_Set_A2,Lane1_Set_A2,plate_2,H9,lane_1
169,272_N58,QuantSeq 3’mRNA-Seq Library Prep Kit FWD with UDI 12 nt,TAGGGGACATCA,TCGGGGCACTAC,UDI12A_0169,UDI_Set_A2,Lane1_Set_A2,plate_2,A10,lane_1
170,257_N73,QuantSeq 3’mRNA-Seq Library Prep Kit FWD with UDI 12 nt,GAAAGATCGCCG,GCCCGCTAGAAG,UDI12A_0170,UDI_Set_A2,Lane1_Set_A2,plate_2,B10,lane_1
171,247_1455,QuantSeq 3’mRNA-Seq Library Prep Kit FWD with UDI 12 nt,GAACGAGAATGT,GCCAGCGCCTGT,UDI12A_0171,UDI_Set_A2,Lane1_Set_A2,plate_2,C10,lane_1
172,23_1332,QuantSeq 3’mRNA-Seq Library Prep Kit FWD with UDI 12 nt,GCCTCCTCCGTG,GAATAATAAGTG,UDI12A_0172,UDI_Set_A2,Lane1_Set_A2,plate_2,D10,lane_1
173,28_3343,QuantSeq 3’mRNA-Seq Library Prep Kit FWD with UDI 12 nt,CTGATGTGAGAG,ATGCTGTGCGCG,UDI12A_0173,UDI_Set_A2,Lane1_Set_A2,plate_2,E10,lane_1
174,123_LC058,QuantSeq 3’mRNA-Seq Library Prep Kit FWD with UDI 12 nt,ATTGATCAAGCT,CTTGCTACCGAT,UDI12A_0174,UDI_Set_A2,Lane1_Set_A2,plate_2,F10,lane_1
175,53_693,QuantSeq 3’mRNA-Seq Library Prep Kit FWD with UDI 12 nt,AGACGGGCACAA,CGCAGGGACACC,UDI12A_0175,UDI_Set_A2,Lane1_Set_A2,plate_2,G10,lane_1
176,8_699,QuantSeq 3’mRNA-Seq Library Prep Kit FWD with UDI 12 nt,CCCTGCTTACGA,AAATGATTCAGC,UDI12A_0176,UDI_Set_A2,Lane1_Set_A2,plate_2,H10,lane_1
177,18_1280,QuantSeq 3’mRNA-Seq Library Prep Kit FWD with UDI 12 nt,TTAATGCGTGAT,TTCCTGAGTGCT,UDI12A_0177,UDI_Set_A2,Lane1_Set_A2,plate_2,A11,lane_1
178,33_1455,QuantSeq 3’mRNA-Seq Library Prep Kit FWD with UDI 12 nt,GTGCTAATGGGA,GTGATCCTGGGC,UDI12A_0178,UDI_Set_A2,Lane1_Set_A2,plate_2,B11,lane_1
179,78_LC003,QuantSeq 3’mRNA-Seq Library Prep Kit FWD with UDI 12 nt,CTTAACACATAA,ATTCCACACTCC,UDI12A_0179,UDI_Set_A2,Lane1_Set_A2,plate_2,C11,lane_1
180,88_LC005,QuantSeq 3’mRNA-Seq Library Prep Kit FWD with UDI 12 nt,AAAAACGGCAGG,CCCCCAGGACGG,UDI12A_0180,UDI_Set_A2,Lane1_Set_A2,plate_2,D11,lane_1
181,113_LC013,QuantSeq 3’mRNA-Seq Library Prep Kit FWD with UDI 12 nt,TGTTTGAGTCGG,TGTTTGCGTAGG,UDI12A_0181,UDI_Set_A2,Lane1_Set_A2,plate_2,E11,lane_1
182,113_LC016,QuantSeq 3’mRNA-Seq Library Prep Kit FWD with UDI 12 nt,TGCCCGACAGGT,TGAAAGCACGGT,UDI12A_0182,UDI_Set_A2,Lane1_Set_A2,plate_2,F11,lane_1
183,118_LC018,QuantSeq 3’mRNA-Seq Library Prep Kit FWD with UDI 12 nt,AACGAATCTGTA,CCAGCCTATGTC,UDI12A_0183,UDI_Set_A2,Lane1_Set_A2,plate_2,G11,lane_1
184,88_LC045,QuantSeq 3’mRNA-Seq Library Prep Kit FWD with UDI 12 nt,GTCATCCGTTTT,GTACTAAGTTTT,UDI12A_0184,UDI_Set_A2,Lane1_Set_A2,plate_2,H11,lane_1
185,93_LC055,QuantSeq 3’mRNA-Seq Library Prep Kit FWD with UDI 12 nt,ATAACTCTCCTC,CTCCATATAATA,UDI12A_0185,UDI_Set_A2,Lane1_Set_A2,plate_2,A12,lane_1
186,93_LC088,QuantSeq 3’mRNA-Seq Library Prep Kit FWD with UDI 12 nt,TAGAATACGGTT,TCGCCTCAGGTT,UDI12A_0186,UDI_Set_A2,Lane1_Set_A2,plate_2,B12,lane_1
187,123_LC123,QuantSeq 3’mRNA-Seq Library Prep Kit FWD with UDI 12 nt,ACGTTTTGATTC,CAGTTTTGCTTA,UDI12A_0187,UDI_Set_A2,Lane1_Set_A2,plate_2,C12,lane_1
188,118_LC126,QuantSeq 3’mRNA-Seq Library Prep Kit FWD with UDI 12 nt,CGACCTGAACGG,AGCAATGCCAGG,UDI12A_0188,UDI_Set_A2,Lane1_Set_A2,plate_2,D12,lane_1
189,113_MC002,QuantSeq 3’mRNA-Seq Library Prep Kit FWD with UDI 12 nt,AGTGTGACCGGT,CGTGTGCAAGGT,UDI12A_0189,UDI_Set_A2,Lane1_Set_A2,plate_2,E12,lane_1
190,108_MC019,QuantSeq 3’mRNA-Seq Library Prep Kit FWD with UDI 12 nt,TTATAAGCCGTC,TTCTCCGAAGTA,UDI12A_0190,UDI_Set_A2,Lane1_Set_A2,plate_2,F12,lane_1
191,53_N49,QuantSeq 3’mRNA-Seq Library Prep Kit FWD with UDI 12 nt,TATTGAACTCCA,TCTTGCCATAAC,UDI12A_0191,UDI_Set_A2,Lane1_Set_A2,plate_2,G12,lane_1
192,23_N50,QuantSeq 3’mRNA-Seq Library Prep Kit FWD with UDI 12 nt,CAGTTCCTAACC,ACGTTAATCCAA,UDI12A_0192,UDI_Set_A2,Lane1_Set_A2,plate_2,H12,lane_1
193,13_N59,QuantSeq 3’mRNA-Seq Library Prep Kit FWD with UDI 12 nt,ACATTCAAGTGC,CACTTACCGTGA,UDI12A_0193,UDI_Set_A3,Lane1_Set_A3,plate_3,A1,lane_1
194,43_N73,QuantSeq 3’mRNA-Seq Library Prep Kit FWD with UDI 12 nt,GCGACGCTCGTA,GAGCAGATAGTC,UDI12A_0194,UDI_Set_A3,Lane1_Set_A3,plate_3,B1,lane_1
195,48_663,QuantSeq 3’mRNA-Seq Library Prep Kit FWD with UDI 12 nt,CGTGATTTAAAG,AGTGCTTTCCCG,UDI12A_0195,UDI_Set_A3,Lane1_Set_A3,plate_3,C1,lane_1
196,3_689,QuantSeq 3’mRNA-Seq Library Prep Kit FWD with UDI 12 nt,ACCTACAGACCT,CAATCACGCAAT,UDI12A_0196,UDI_Set_A3,Lane1_Set_A3,plate_3,D1,lane_1
197,28_695,QuantSeq 3’mRNA-Seq Library Prep Kit FWD with UDI 12 nt,GTTTATTCAGTG,GTTTCTTACGTG,UDI12A_0197,UDI_Set_A3,Lane1_Set_A3,plate_3,E1,lane_1
198,13_713,QuantSeq 3’mRNA-Seq Library Prep Kit FWD with UDI 12 nt,GCTCACCCTCTT,GATACAAATATT,UDI12A_0198,UDI_Set_A3,Lane1_Set_A3,plate_3,F1,lane_1
199,33_719,QuantSeq 3’mRNA-Seq Library Prep Kit FWD with UDI 12 nt,ACCTGATGTATT,CAATGCTGTCTT,UDI12A_0199,UDI_Set_A3,Lane1_Set_A3,plate_3,G1,lane_1
200,8_741,QuantSeq 3’mRNA-Seq Library Prep Kit FWD with UDI 12 nt,AGTTATGTGCAG,CGTTCTGTGACG,UDI12A_0200,UDI_Set_A3,Lane1_Set_A3,plate_3,H1,lane_1
201,48_753,QuantSeq 3’mRNA-Seq Library Prep Kit FWD with UDI 12 nt,TCGGCTCACAAG,TAGGATACACCG,UDI12A_0201,UDI_Set_A3,Lane1_Set_A3,plate_3,A2,lane_1
202,18_1340,QuantSeq 3’mRNA-Seq Library Prep Kit FWD with UDI 12 nt,GCTGCATACAAG,GATGACTCACCG,UDI12A_0202,UDI_Set_A3,Lane1_Set_A3,plate_3,B2,lane_1
203,33_1452,QuantSeq 3’mRNA-Seq Library Prep Kit FWD with UDI 12 nt,GCCCCACATGAT,GAAAACACTGCT,UDI12A_0203,UDI_Set_A3,Lane1_Set_A3,plate_3,C2,lane_1
204,48_1463,QuantSeq 3’mRNA-Seq Library Prep Kit FWD with UDI 12 nt,AAAGCCTATCAC,CCCGAATCTACA,UDI12A_0204,UDI_Set_A3,Lane1_Set_A3,plate_3,D2,lane_1
205,23_1470,QuantSeq 3’mRNA-Seq Library Prep Kit FWD with UDI 12 nt,CTATGTTTTTGC,ATCTGTTTTTGA,UDI12A_0205,UDI_Set_A3,Lane1_Set_A3,plate_3,E2,lane_1
206,43_3421,QuantSeq 3’mRNA-Seq Library Prep Kit FWD with UDI 12 nt,CACGGGTCAGAA,ACAGGGTACGCC,UDI12A_0206,UDI_Set_A3,Lane1_Set_A3,plate_3,F2,lane_1
207,220_3421,QuantSeq 3’mRNA-Seq Library Prep Kit FWD with UDI 12 nt,GCGTAGGCAAGA,GAGTCGGACCGC,UDI12A_0207,UDI_Set_A3,Lane1_Set_A3,plate_3,G2,lane_1
208,3_4503,QuantSeq 3’mRNA-Seq Library Prep Kit FWD with UDI 12 nt,TGTCGCAACGGC,TGTAGACCAGGA,UDI12A_0208,UDI_Set_A3,Lane1_Set_A3,plate_3,H2,lane_1
209,3_4616,QuantSeq 3’mRNA-Seq Library Prep Kit FWD with UDI 12 nt,ATCTCATTATGG,CTATACTTCTGG,UDI12A_0209,UDI_Set_A3,Lane1_Set_A3,plate_3,A3,lane_1
210,108_LC007,QuantSeq 3’mRNA-Seq Library Prep Kit FWD with UDI 12 nt,GAGATCAGTCAG,GCGCTACGTACG,UDI12A_0210,UDI_Set_A3,Lane1_Set_A3,plate_3,B3,lane_1
211,78_LC041,QuantSeq 3’mRNA-Seq Library Prep Kit FWD with UDI 12 nt,TTCGAACCGAGA,TTAGCCAAGCGC,UDI12A_0211,UDI_Set_A3,Lane1_Set_A3,plate_3,C3,lane_1
212,83_LC042,QuantSeq 3’mRNA-Seq Library Prep Kit FWD with UDI 12 nt,CTCACTCCGCCC,ATACATAAGAAA,UDI12A_0212,UDI_Set_A3,Lane1_Set_A3,plate_3,D3,lane_1
213,93_LC048,QuantSeq 3’mRNA-Seq Library Prep Kit FWD with UDI 12 nt,TTTGCAAAGCCG,TTTGACCCGAAG,UDI12A_0213,UDI_Set_A3,Lane1_Set_A3,plate_3,E3,lane_1
214,83_LC049,QuantSeq 3’mRNA-Seq Library Prep Kit FWD with UDI 12 nt,CTTGTAACGAGT,ATTGTCCAGCGT,UDI12A_0214,UDI_Set_A3,Lane1_Set_A3,plate_3,F3,lane_1
215,83_LC053,QuantSeq 3’mRNA-Seq Library Prep Kit FWD with UDI 12 nt,GAGTGTCTGAGG,GCGTGTATGCGG,UDI12A_0215,UDI_Set_A3,Lane1_Set_A3,plate_3,G3,lane_1
216,78_LC056,QuantSeq 3’mRNA-Seq Library Prep Kit FWD with UDI 12 nt,ACGGCGCCAGGG,CAGGAGAACGGG,UDI12A_0216,UDI_Set_A3,Lane1_Set_A3,plate_3,H3,lane_1
217,108_LC062,QuantSeq 3’mRNA-Seq Library Prep Kit FWD with UDI 12 nt,GTAAGCACGTAT,GTCCGACAGTCT,UDI12A_0217,UDI_Set_A3,Lane1_Set_A3,plate_3,A4,lane_1
218,78_LC078,QuantSeq 3’mRNA-Seq Library Prep Kit FWD with UDI 12 nt,AAGTCTTTGTCG,CCGTATTTGTAG,UDI12A_0218,UDI_Set_A3,Lane1_Set_A3,plate_3,B4,lane_1
219,128_LC101,QuantSeq 3’mRNA-Seq Library Prep Kit FWD with UDI 12 nt,GACTTCAATCGA,GCATTACCTAGC,UDI12A_0219,UDI_Set_A3,Lane1_Set_A3,plate_3,C4,lane_1
220,118_LC110,QuantSeq 3’mRNA-Seq Library Prep Kit FWD with UDI 12 nt,TCTAGACAAAGT,TATCGCACCCGT,UDI12A_0220,UDI_Set_A3,Lane1_Set_A3,plate_3,D4,lane_1
221,103_LC114,QuantSeq 3’mRNA-Seq Library Prep Kit FWD with UDI 12 nt,GATGCGCTCCTT,GCTGAGATAATT,UDI12A_0221,UDI_Set_A3,Lane1_Set_A3,plate_3,E4,lane_1
222,83_LC115,QuantSeq 3’mRNA-Seq Library Prep Kit FWD with UDI 12 nt,GTACTCCCAATG,GTCATAAACCTG,UDI12A_0222,UDI_Set_A3,Lane1_Set_A3,plate_3,F4,lane_1
223,108_LC122,QuantSeq 3’mRNA-Seq Library Prep Kit FWD with UDI 12 nt,TAGCGAATATCT,TCGAGCCTCTAT,UDI12A_0223,UDI_Set_A3,Lane1_Set_A3,plate_3,G4,lane_1
224,128_LC127,QuantSeq 3’mRNA-Seq Library Prep Kit FWD with UDI 12 nt,GCATTGCGAATT,GACTTGAGCCTT,UDI12A_0224,UDI_Set_A3,Lane1_Set_A3,plate_3,H4,lane_1
225,128_LC129,QuantSeq 3’mRNA-Seq Library Prep Kit FWD with UDI 12 nt,ATGGCTGGCTCA,CTGGATGGATAC,UDI12A_0225,UDI_Set_A3,Lane1_Set_A3,plate_3,A5,lane_1
226,98_MC011,QuantSeq 3’mRNA-Seq Library Prep Kit FWD with UDI 12 nt,TATCAATACCCG,TCTACCTCAAAG,UDI12A_0226,UDI_Set_A3,Lane1_Set_A3,plate_3,B5,lane_1
227,98_MC014,QuantSeq 3’mRNA-Seq Library Prep Kit FWD with UDI 12 nt,TCATAAAGGCCA,TACTCCCGGAAC,UDI12A_0227,UDI_Set_A3,Lane1_Set_A3,plate_3,C5,lane_1
228,103_MC027,QuantSeq 3’mRNA-Seq Library Prep Kit FWD with UDI 12 nt,TGTGCCCTATAA,TGTGAAATCTCC,UDI12A_0228,UDI_Set_A3,Lane1_Set_A3,plate_3,D5,lane_1
229,13_N48,QuantSeq 3’mRNA-Seq Library Prep Kit FWD with UDI 12 nt,AGGCAAGAACGT,CGGACCGCCAGT,UDI12A_0229,UDI_Set_A3,Lane1_Set_A3,plate_3,E5,lane_1
230,18_N60,QuantSeq 3’mRNA-Seq Library Prep Kit FWD with UDI 12 nt,GTGCGGCCGAGT,GTGAGGAAGCGT,UDI12A_0230,UDI_Set_A3,Lane1_Set_A3,plate_3,F5,lane_1
231,38_1004,QuantSeq 3’mRNA-Seq Library Prep Kit FWD with UDI 12 nt,GCGGAGCACCCA,GAGGCGACAAAC,UDI12A_0231,UDI_Set_A3,Lane1_Set_A3,plate_3,G5,lane_1
232,93_LC052,QuantSeq 3’mRNA-Seq Library Prep Kit FWD with UDI 12 nt,CGCTCGGTGGGA,AGATAGGTGGGC,UDI12A_0232,UDI_Set_A3,Lane1_Set_A3,plate_3,H5,lane_1
233,103_LC064,QuantSeq 3’mRNA-Seq Library Prep Kit FWD with UDI 12 nt,ACCCTAGATCGC,CAAATCGCTAGA,UDI12A_0233,UDI_Set_A3,Lane1_Set_A3,plate_3,A6,lane_1
234,98_LC079,QuantSeq 3’mRNA-Seq Library Prep Kit FWD with UDI 12 nt,CAGAACGAATCC,ACGCCAGCCTAA,UDI12A_0234,UDI_Set_A3,Lane1_Set_A3,plate_3,B6,lane_1
235,118_LC124,QuantSeq 3’mRNA-Seq Library Prep Kit FWD with UDI 12 nt,CCGCAATGAACT,AAGACCTGCCAT,UDI12A_0235,UDI_Set_A3,Lane1_Set_A3,plate_3,C6,lane_1
236,133_MC005,QuantSeq 3’mRNA-Seq Library Prep Kit FWD with UDI 12 nt,TGAGAGGGGTTC,TGCGCGGGGTTA,UDI12A_0236,UDI_Set_A3,Lane1_Set_A3,plate_3,D6,lane_1
237,103_MC026,QuantSeq 3’mRNA-Seq Library Prep Kit FWD with UDI 12 nt,CATACTTATTTG,ACTCATTCTTTG,UDI12A_0237,UDI_Set_A3,Lane1_Set_A3,plate_3,E6,lane_1
238,88_MC032,QuantSeq 3’mRNA-Seq Library Prep Kit FWD with UDI 12 nt,CATCGACGTACG,ACTAGCAGTCAG,UDI12A_0238,UDI_Set_A3,Lane1_Set_A3,plate_3,F6,lane_1
239,38_N70,QuantSeq 3’mRNA-Seq Library Prep Kit FWD with UDI 12 nt,GCCATCTATAGA,GAACTATCTCGC,UDI12A_0239,UDI_Set_A3,Lane1_Set_A3,plate_3,G6,lane_1
240,88_LC043,QuantSeq 3’mRNA-Seq Library Prep Kit FWD with UDI 12 nt,GCCTCTGAACTA,GAATATGCCATC,UDI12A_0240,UDI_Set_A3,Lane1_Set_A3,plate_3,H6,lane_1
241,128_LC125,QuantSeq 3’mRNA-Seq Library Prep Kit FWD with UDI 12 nt,CCCAGGCAGCTT,AAACGGACGATT,UDI12A_0241,UDI_Set_A3,Lane1_Set_A3,plate_3,A7,lane_1
242,28_N67,QuantSeq 3’mRNA-Seq Library Prep Kit FWD with UDI 12 nt,TAGCCCGGGGCA,TCGAAAGGGGAC,UDI12A_0242,UDI_Set_A3,Lane1_Set_A3,plate_3,B7,lane_1
243,8_N72,QuantSeq 3’mRNA-Seq Library Prep Kit FWD with UDI 12 nt,CACGTACCAGTC,ACAGTCAACGTA,UDI12A_0243,UDI_Set_A3,Lane1_Set_A3,plate_3,C7,lane_1
244,282_663,QuantSeq 3’mRNA-Seq Library Prep Kit FWD with UDI 12 nt,AATCCGGCGCAC,CCTAAGGAGACA,UDI12A_0244,UDI_Set_A3,Lane1_Set_A3,plate_3,D7,lane_1
245,43_675,QuantSeq 3’mRNA-Seq Library Prep Kit FWD with UDI 12 nt,CCTCTCGACATT,AATATAGCACTT,UDI12A_0245,UDI_Set_A3,Lane1_Set_A3,plate_3,E7,lane_1
246,53_765,QuantSeq 3’mRNA-Seq Library Prep Kit FWD with UDI 12 nt,ACTGCGATCGTC,CATGAGCTAGTA,UDI12A_0246,UDI_Set_A3,Lane1_Set_A3,plate_3,F7,lane_1
247,247_1280,QuantSeq 3’mRNA-Seq Library Prep Kit FWD with UDI 12 nt,GTCCAACTCAAA,GTAACCATACCC,UDI12A_0247,UDI_Set_A3,Lane1_Set_A3,plate_3,G7,lane_1
248,297_LC013,QuantSeq 3’mRNA-Seq Library Prep Kit FWD with UDI 12 nt,TTTCTTCCTCGC,TTTATTAATAGA,UDI12A_0248,UDI_Set_A3,Lane1_Set_A3,plate_3,H7,lane_1
249,322_LC016,QuantSeq 3’mRNA-Seq Library Prep Kit FWD with UDI 12 nt,TAGCCGTTGTAC,TCGAAGTTGTCA,UDI12A_0249,UDI_Set_A3,Lane1_Set_A3,plate_3,A8,lane_1
250,123_LC024,QuantSeq 3’mRNA-Seq Library Prep Kit FWD with UDI 12 nt,GACGATCCTCAC,GCAGCTAATACA,UDI12A_0250,UDI_Set_A3,Lane1_Set_A3,plate_3,B8,lane_1
251,337_LC041,QuantSeq 3’mRNA-Seq Library Prep Kit FWD with UDI 12 nt,GTGCTTGCAAAC,GTGATTGACCCA,UDI12A_0251,UDI_Set_A3,Lane1_Set_A3,plate_3,C8,lane_1
252,342_LC048,QuantSeq 3’mRNA-Seq Library Prep Kit FWD with UDI 12 nt,CAGTGAGGTACT,ACGTGCGGTCAT,UDI12A_0252,UDI_Set_A3,Lane1_Set_A3,plate_3,D8,lane_1
253,113_LC077,QuantSeq 3’mRNA-Seq Library Prep Kit FWD with UDI 12 nt,TAGTTTAGGGTG,TCGTTTCGGGTG,UDI12A_0253,UDI_Set_A3,Lane1_Set_A3,plate_3,E8,lane_1
254,98_LC085,QuantSeq 3’mRNA-Seq Library Prep Kit FWD with UDI 12 nt,TTTTCGGGATGG,TTTTAGGGCTGG,UDI12A_0254,UDI_Set_A3,Lane1_Set_A3,plate_3,F8,lane_1
255,292_LC129,QuantSeq 3’mRNA-Seq Library Prep Kit FWD with UDI 12 nt,GATTACATGAGA,GCTTCACTGCGC,UDI12A_0255,UDI_Set_A3,Lane1_Set_A3,plate_3,G8,lane_1
256,123_LC157,QuantSeq 3’mRNA-Seq Library Prep Kit FWD with UDI 12 nt,TTCAACGGTAAG,TTACCAGGTCCG,UDI12A_0256,UDI_Set_A3,Lane1_Set_A3,plate_3,H8,lane_1
257,292_MC005,QuantSeq 3’mRNA-Seq Library Prep Kit FWD with UDI 12 nt,AAGGTAGATGCG,CCGGTCGCTGAG,UDI12A_0257,UDI_Set_A3,Lane1_Set_A3,plate_3,A9,lane_1
258,38_N46,QuantSeq 3’mRNA-Seq Library Prep Kit FWD with UDI 12 nt,TTCACGAATGCT,TTACAGCCTGAT,UDI12A_0258,UDI_Set_A3,Lane1_Set_A3,plate_3,B9,lane_1
259,58_617,QuantSeq 3’mRNA-Seq Library Prep Kit FWD with UDI 12 nt,ATTCCCTTGGTA,CTTAAATTGGTC,UDI12A_0259,UDI_Set_A3,Lane1_Set_A3,plate_3,C9,lane_1
260,63_679,QuantSeq 3’mRNA-Seq Library Prep Kit FWD with UDI 12 nt,AGCTCCGATGCC,CGATAAGCTGAA,UDI12A_0260,UDI_Set_A3,Lane1_Set_A3,plate_3,D9,lane_1
261,63_1220,QuantSeq 3’mRNA-Seq Library Prep Kit FWD with UDI 12 nt,CGCAACTAGAAG,AGACCATCGCCG,UDI12A_0261,UDI_Set_A3,Lane1_Set_A3,plate_3,E9,lane_1
262,73_3342,QuantSeq 3’mRNA-Seq Library Prep Kit FWD with UDI 12 nt,TATGGTTACCAG,TCTGGTTCAACG,UDI12A_0262,UDI_Set_A3,Lane1_Set_A3,plate_3,F9,lane_1
263,58_3420,QuantSeq 3’mRNA-Seq Library Prep Kit FWD with UDI 12 nt,GCTACGAGAGAG,GATCAGCGCGCG,UDI12A_0263,UDI_Set_A3,Lane1_Set_A3,plate_3,G9,lane_1
264,73_3446,QuantSeq 3’mRNA-Seq Library Prep Kit FWD with UDI 12 nt,TGGCGGCGGCGA,TGGAGGAGGAGC,UDI12A_0264,UDI_Set_A3,Lane1_Set_A3,plate_3,H9,lane_1
265,68_4360,QuantSeq 3’mRNA-Seq Library Prep Kit FWD with UDI 12 nt,AGATGGCAACCC,CGCTGGACCAAA,UDI12A_0265,UDI_Set_A3,Lane1_Set_A3,plate_3,A10,lane_1
266,58_N52,QuantSeq 3’mRNA-Seq Library Prep Kit FWD with UDI 12 nt,AGTAACCACAGC,CGTCCAACACGA,UDI12A_0266,UDI_Set_A3,Lane1_Set_A3,plate_3,B10,lane_1
267,73_N53,QuantSeq 3’mRNA-Seq Library Prep Kit FWD with UDI 12 nt,CCTTTTGTACCC,AATTTTGTCAAA,UDI12A_0267,UDI_Set_A3,Lane1_Set_A3,plate_3,C10,lane_1
268,68_N54,QuantSeq 3’mRNA-Seq Library Prep Kit FWD with UDI 12 nt,ATAAGAAGTGCC,CTCCGCCGTGAA,UDI12A_0268,UDI_Set_A3,Lane1_Set_A3,plate_3,D10,lane_1
269,63_N56,QuantSeq 3’mRNA-Seq Library Prep Kit FWD with UDI 12 nt,AATCGGAGTAGA,CCTAGGCGTCGC,UDI12A_0269,UDI_Set_A3,Lane1_Set_A3,plate_3,E10,lane_1
270,68_N58,QuantSeq 3’mRNA-Seq Library Prep Kit FWD with UDI 12 nt,GCAGTAAGCTGT,GACGTCCGATGT,UDI12A_0270,UDI_Set_A3,Lane1_Set_A3,plate_3,F10,lane_1